Generation,Highest Fp,Average Fp,Iteration,Fp
1,71501917988,59578042921,1,50234599719
2,86524935450,68008860213,1.059701493,52997349405
3,1.02498E+11,76386535151,1.119402985,42648393531
4,1.11029E+11,84647110014,1.179104478,70878599561
5,1.1548E+11,98661920527,1.23880597,49866637075
6,1.23453E+11,1.0867E+11,1.298507463,49603134789
7,1.31049E+11,1.13424E+11,1.358208955,63871005643
8,1.38475E+11,1.21202E+11,1.417910448,57740469734
9,1.44942E+11,1.30043E+11,1.47761194,37532401329
10,1.44942E+11,1.30127E+11,1.537313433,52562338868
11,1.53025E+11,1.36602E+11,1.597014925,64045585090
12,1.56476E+11,1.33939E+11,1.656716418,59305616916
13,1.79812E+11,1.43515E+11,1.71641791,51072992545
14,1.79812E+11,1.56674E+11,1.776119403,36067445193
15,1.79812E+11,1.53451E+11,1.835820896,65067262732
16,1.8259E+11,1.58226E+11,1.895522388,56926930071
17,1.8259E+11,1.68494E+11,1.955223881,47557845521
18,1.82799E+11,1.73246E+11,2.014925373,64052708668
19,1.82799E+11,1.81264E+11,2.074626866,41931903385
20,1.82799E+11,1.76607E+11,2.134328358,45355216636
21,1.82799E+11,1.78265E+11,2.194029851,48908695469
22,1.82799E+11,1.72848E+11,2.253731343,52000203134
23,1.86673E+11,1.75867E+11,2.313432836,55511426270
24,1.86673E+11,1.83771E+11,2.373134328,65960604615
25,1.86673E+11,1.72944E+11,2.432835821,48628604530
26,1.8725E+11,1.8149E+11,2.492537313,70878605846
27,2.00908E+11,1.74368E+11,2.552238806,58201479345
28,2.03969E+11,1.79296E+11,2.611940299,71501917988
29,2.18455E+11,1.92989E+11,2.671641791,63529161032
30,2.18455E+11,1.90059E+11,2.731343284,54261839176
31,2.18457E+11,2.02198E+11,2.791044776,70878748846
32,2.39752E+11,1.94926E+11,2.850746269,64936839041
33,2.39752E+11,2.1291E+11,2.910447761,42323685050
34,2.53817E+11,2.13848E+11,2.970149254,59138477585
35,2.5445E+11,2.16852E+11,3.029850746,70851553988
36,2.62187E+11,2.28146E+11,3.089552239,74367293132
37,2.62187E+11,2.24067E+11,3.149253731,71223528822
38,2.63652E+11,2.42204E+11,3.208955224,60578854699
39,2.63652E+11,2.52863E+11,3.268656716,73824611956
40,2.71653E+11,2.57341E+11,3.328358209,72069782299
41,2.71653E+11,2.64342E+11,3.388059701,86524935450
42,2.71655E+11,2.60183E+11,3.447761194,49804954192
43,2.71655E+11,2.57001E+11,3.507462687,59138310293
44,2.71655E+11,2.57616E+11,3.567164179,62348990144
45,2.71655E+11,2.64067E+11,3.626865672,75098377768
46,2.71655E+11,2.63623E+11,3.686567164,61524274347
47,2.75162E+11,2.41322E+11,3.746268657,57341702834
48,2.75162E+11,2.46408E+11,3.805970149,68580329943
49,2.75274E+11,2.51692E+11,3.865671642,65608151443
50,2.76567E+11,2.64833E+11,3.925373134,73356259456
51,2.76567E+11,2.52414E+11,3.985074627,73998673767
52,2.76567E+11,2.69319E+11,4.044776119,66461520093
53,2.80234E+11,2.43969E+11,4.104477612,51676669996
54,2.81878E+11,2.69731E+11,4.164179104,85385819171
55,2.81886E+11,2.65039E+11,4.223880597,69246224132
56,2.82759E+11,2.63973E+11,4.28358209,79373256574
57,2.8276E+11,2.56872E+11,4.343283582,65933146216
58,2.8276E+11,2.79677E+11,4.402985075,86524975211
59,2.8276E+11,2.72438E+11,4.462686567,1.02498E+11
60,2.8276E+11,2.70178E+11,4.52238806,77886767905
61,2.8276E+11,2.61933E+11,4.582089552,88127159886
62,2.8276E+11,2.62948E+11,4.641791045,94311614411
63,2.82761E+11,2.65721E+11,4.701492537,57938381014
64,2.82761E+11,2.77149E+11,4.76119403,74055091864
65,2.82761E+11,2.39619E+11,4.820895522,64545236713
66,2.83637E+11,2.48964E+11,4.880597015,75117926379
67,2.83637E+11,2.58279E+11,4.940298507,88208955630
68,2.83637E+11,2.64083E+11,5,1.11029E+11
69,3.07458E+11,2.66676E+11,5.059701493,96370624655
70,3.07459E+11,2.57731E+11,5.119402985,82708279976
71,3.15095E+11,3.00888E+11,5.179104478,94312048716
72,3.26235E+11,2.73902E+11,5.23880597,76054450629
73,3.3118E+11,2.79908E+11,5.298507463,61522452991
74,3.3118E+11,2.69824E+11,5.358208955,49164582847
75,3.3118E+11,3.26014E+11,5.417910448,91208942878
76,3.31915E+11,3.19956E+11,5.47761194,1.02499E+11
77,3.31915E+11,3.31805E+11,5.537313433,81750268245
78,3.31915E+11,2.90529E+11,5.597014925,94298015460
79,3.35005E+11,3.01235E+11,5.656716418,76787978765
80,3.63534E+11,3.00379E+11,5.71641791,68116070739
81,3.63534E+11,3.11247E+11,5.776119403,1.1548E+11
82,3.66826E+11,3.18736E+11,5.835820896,88167890322
83,3.77722E+11,3.40296E+11,5.895522388,75886801542
84,3.77722E+11,3.08949E+11,5.955223881,94311687756
85,3.77723E+11,3.4622E+11,6.014925373,1.02499E+11
86,3.77723E+11,3.09257E+11,6.074626866,98876094078
87,3.77723E+11,3.49376E+11,6.134328358,1.05676E+11
88,3.77723E+11,3.45227E+11,6.194029851,94311692153
89,3.77723E+11,3.66885E+11,6.253731343,1.01226E+11
90,3.77723E+11,3.39491E+11,6.313432836,97252641838
91,3.82431E+11,3.32359E+11,6.373134328,67417953119
92,4.02574E+11,3.51509E+11,6.432835821,1.15166E+11
93,4.02574E+11,3.61738E+11,6.492537313,1.02499E+11
94,4.02574E+11,3.44993E+11,6.552238806,85156243889
95,4.02574E+11,3.60164E+11,6.611940299,1.05886E+11
96,4.06265E+11,3.78006E+11,6.671641791,1.05963E+11
97,4.06265E+11,3.56878E+11,6.731343284,1.11131E+11
98,4.06265E+11,3.91302E+11,6.791044776,1.02499E+11
99,4.06265E+11,3.14653E+11,6.850746269,1.15481E+11
100,4.06265E+11,3.9814E+11,6.910447761,97716310533
101,4.06266E+11,3.58361E+11,6.970149254,1.02354E+11
102,4.06266E+11,4.03181E+11,7.029850746,1.02354E+11
103,4.06266E+11,3.86088E+11,7.089552239,1.11053E+11
104,4.07423E+11,3.84632E+11,7.149253731,1.00842E+11
105,4.07423E+11,3.62183E+11,7.208955224,1.23453E+11
106,4.07423E+11,3.11005E+11,7.268656716,1.02499E+11
107,4.07423E+11,3.64151E+11,7.328358209,1.08042E+11
108,4.07423E+11,3.78802E+11,7.388059701,1.11054E+11
109,4.11578E+11,3.68201E+11,7.447761194,1.05886E+11
110,4.11578E+11,3.69604E+11,7.507462687,1.11198E+11
111,4.4781E+11,3.60521E+11,7.567164179,1.0472E+11
112,4.4781E+11,2.90734E+11,7.626865672,1.11054E+11
113,4.4781E+11,1.08329E+11,7.686567164,1.23452E+11
114,4.4781E+11,67171474746,7.746268657,1.29908E+11
115,4.85615E+11,3.72601E+11,7.805970149,1.15481E+11
116,4.85615E+11,2.54949E+11,7.865671642,1.11054E+11
117,4.85615E+11,4.08415E+11,7.925373134,1.0472E+11
118,4.86827E+11,4.25023E+11,7.985074627,98634234937
119,4.86827E+11,4.35107E+11,8.044776119,1.15481E+11
120,4.86827E+11,4.85687E+11,8.104477612,84385128866
121,4.86827E+11,4.51945E+11,8.164179104,1.11054E+11
122,4.86827E+11,4.33284E+11,8.223880597,1.31049E+11
123,4.86827E+11,3.69708E+11,8.28358209,1.06149E+11
124,4.86827E+11,4.21308E+11,8.343283582,1.05885E+11
125,4.86827E+11,4.26151E+11,8.402985075,1.15627E+11
126,4.86827E+11,4.81406E+11,8.462686567,1.38475E+11
127,4.86827E+11,4.24808E+11,8.52238806,1.30909E+11
128,4.86827E+11,4.50889E+11,8.582089552,1.34001E+11
129,4.86827E+11,2.61986E+11,8.641791045,96301794397
130,4.86827E+11,1.32048E+11,8.701492537,1.30014E+11
131,5.20849E+11,3.64499E+11,8.76119403,1.34424E+11
132,5.20849E+11,4.3562E+11,8.820895522,1.15481E+11
133,5.20852E+11,3.71254E+11,8.880597015,1.14374E+11
134,5.20852E+11,2.18563E+11,8.940298507,1.19265E+11
135,5.38934E+11,3.32929E+11,9,1.05176E+11
136,5.38934E+11,3.88533E+11,9.059701493,1.23452E+11
137,5.38934E+11,2.71381E+11,9.119402985,1.1548E+11
138,5.38934E+11,1.80364E+11,9.179104478,1.01108E+11
139,5.38934E+11,1.52496E+11,9.23880597,96321989754
140,5.38934E+11,3.16849E+11,9.298507463,1.3035E+11
141,5.38934E+11,3.13915E+11,9.358208955,1.38475E+11
142,5.38934E+11,3.01617E+11,9.417910448,1.30014E+11
143,5.40448E+11,3.9779E+11,9.47761194,1.31914E+11
144,5.40448E+11,4.83287E+11,9.537313433,1.38475E+11
145,5.40448E+11,3.8931E+11,9.597014925,1.30909E+11
146,5.40448E+11,2.3458E+11,9.656716418,1.14374E+11
147,5.40448E+11,3.23321E+11,9.71641791,1.37718E+11
148,5.40448E+11,2.60116E+11,9.776119403,1.28449E+11
149,5.40448E+11,3.70523E+11,9.835820896,1.31049E+11
150,5.40448E+11,3.74931E+11,9.895522388,1.05361E+11
151,5.40448E+11,3.49733E+11,9.955223881,1.29908E+11
152,5.40448E+11,5.18411E+11,10.01492537,1.34425E+11
153,5.40448E+11,5.14202E+11,10.07462687,1.23453E+11
154,5.40448E+11,5.21734E+11,10.13432836,1.44942E+11
155,5.40448E+11,2.78938E+11,10.19402985,1.3772E+11
156,5.40448E+11,3.39484E+11,10.25373134,1.34873E+11
157,5.40448E+11,1.07938E+11,10.31343284,1.11638E+11
158,5.40448E+11,2.17288E+11,10.37313433,1.31049E+11
159,5.40448E+11,3.74427E+11,10.43283582,1.39724E+11
160,5.40448E+11,3.24474E+11,10.49253731,1.16331E+11
161,5.40448E+11,1.94779E+11,10.55223881,1.38271E+11
162,5.40448E+11,2.05212E+11,10.6119403,87926213519
163,5.40448E+11,3.46358E+11,10.67164179,1.21329E+11
164,5.40448E+11,4.86119E+11,10.73134328,1.44147E+11
165,6.06609E+11,3.05516E+11,10.79104478,1.38474E+11
166,6.06609E+11,3.22329E+11,10.85074627,1.0701E+11
167,6.06609E+11,2.14156E+11,10.91044776,1.31049E+11
168,6.06715E+11,2.2349E+11,10.97014925,1.3082E+11
169,6.06715E+11,1.68532E+11,11.02985075,1.33453E+11
170,6.06715E+11,2.41698E+11,11.08955224,1.38365E+11
171,6.06715E+11,2.15545E+11,11.14925373,1.53025E+11
172,6.06715E+11,1.41656E+11,11.20895522,1.05614E+11
173,6.06715E+11,1.1132E+11,11.26865672,1.3079E+11
174,6.06715E+11,1.59217E+11,11.32835821,1.29989E+11
175,6.06715E+11,3.374E+11,11.3880597,1.39039E+11
176,6.06715E+11,4.7623E+11,11.44776119,1.38344E+11
177,6.06715E+11,4.38384E+11,11.50746269,1.29638E+11
178,6.06715E+11,4.27005E+11,11.56716418,1.40354E+11
179,6.08428E+11,4.78414E+11,11.62686567,1.39724E+11
180,6.08428E+11,5.09813E+11,11.68656716,1.38474E+11
181,6.08428E+11,3.88272E+11,11.74626866,1.13485E+11
182,6.08428E+11,4.72166E+11,11.80597015,1.49733E+11
183,6.08428E+11,2.95422E+11,11.86567164,1.29846E+11
184,6.08428E+11,1.21423E+11,11.92537313,1.3772E+11
185,6.08428E+11,2.45537E+11,11.98507463,1.43756E+11
186,6.08428E+11,2.66979E+11,12.04477612,1.38474E+11
187,6.53528E+11,3.37495E+11,12.10447761,1.39162E+11
188,6.53528E+11,3.39443E+11,12.1641791,1.3361E+11
189,6.54485E+11,2.77786E+11,12.2238806,99983502527
190,6.54485E+11,2.44404E+11,12.28358209,1.56476E+11
191,6.54485E+11,2.56728E+11,12.34328358,1.02787E+11
192,6.54485E+11,3.45139E+11,12.40298507,1.14067E+11
193,6.54485E+11,3.62513E+11,12.46268657,1.36125E+11
194,6.54485E+11,3.96671E+11,12.52238806,1.44147E+11
195,6.54485E+11,6.16787E+11,12.58208955,1.44147E+11
196,6.54485E+11,3.17101E+11,12.64179104,1.18665E+11
197,6.55484E+11,1.95744E+11,12.70149254,1.44147E+11
198,6.55484E+11,1.6131E+11,12.76119403,1.1087E+11
199,6.55484E+11,2.66083E+11,12.82089552,1.44942E+11
200,6.55484E+11,2.48541E+11,12.88059701,1.363E+11
201,6.55484E+11,3.52704E+11,12.94029851,96928237805
202,6.55484E+11,2.0136E+11,13,1.79812E+11
203,6.55484E+11,1.76332E+11,13.06947891,1.33604E+11
204,6.55484E+11,1.15659E+11,13.13895782,1.47163E+11
205,6.55484E+11,98322652092,13.20843672,1.38126E+11
206,6.55484E+11,98322652092,13.27791563,1.45085E+11
207,6.55484E+11,65548434728,13.34739454,1.45085E+11
208,6.55484E+11,98322652092,13.41687345,1.56818E+11
209,6.55484E+11,1.31097E+11,13.48635236,1.39422E+11
210,6.55484E+11,1.63871E+11,13.55583127,1.44147E+11
211,6.55484E+11,1.31097E+11,13.62531017,1.56785E+11
212,6.55484E+11,65548434728,13.69478908,1.46449E+11
213,6.55484E+11,98322652092,13.76426799,1.16889E+11
214,6.55484E+11,1.99956E+11,13.8337469,1.53025E+11
215,6.55484E+11,3.05802E+11,13.90322581,1.42651E+11
216,6.55484E+11,3.40629E+11,13.97270471,1.5666E+11
217,6.55484E+11,4.51075E+11,14.04218362,1.46653E+11
218,6.55484E+11,4.41423E+11,14.11166253,1.57292E+11
219,6.55484E+11,3.19802E+11,14.18114144,1.44943E+11
220,6.55484E+11,3.77838E+11,14.25062035,1.56659E+11
221,6.55484E+11,3.29401E+11,14.32009926,1.56659E+11
222,6.55484E+11,4.96396E+11,14.38957816,1.46449E+11
223,6.55484E+11,2.50043E+11,14.45905707,1.56785E+11
224,6.55484E+11,3.83338E+11,14.52853598,1.46449E+11
225,6.55484E+11,3.7737E+11,14.59801489,1.36228E+11
226,6.55484E+11,4.26126E+11,14.6674938,1.65247E+11
227,6.55484E+11,2.80355E+11,14.7369727,1.56831E+11
228,6.55484E+11,2.60837E+11,14.80645161,1.67122E+11
229,6.55484E+11,1.68584E+11,14.87593052,1.56785E+11
230,6.55484E+11,2.05252E+11,14.94540943,1.56785E+11
231,6.55484E+11,2.49562E+11,15.01488834,1.47133E+11
232,6.55484E+11,3.39601E+11,15.08436725,83112217414
233,6.55484E+11,4.25098E+11,15.15384615,1.79778E+11
234,6.55484E+11,3.51327E+11,15.22332506,92490069039
235,6.55484E+11,3.18949E+11,15.29280397,1.5298E+11
236,6.55484E+11,3.65653E+11,15.36228288,1.04897E+11
237,6.55557E+11,5.22921E+11,15.43176179,1.79812E+11
238,6.55557E+11,2.64858E+11,15.50124069,1.17271E+11
239,6.55557E+11,3.40037E+11,15.5707196,1.79812E+11
240,6.55557E+11,3.28128E+11,15.64019851,1.35302E+11
241,6.55557E+11,2.42205E+11,15.70967742,1.7981E+11
242,6.55557E+11,2.23232E+11,15.77915633,1.23682E+11
243,6.55557E+11,2.50404E+11,15.84863524,1.7981E+11
244,6.55557E+11,1.22728E+11,15.91811414,1.7981E+11
245,6.55557E+11,98333611773,15.98759305,1.7981E+11
246,6.55557E+11,1.31111E+11,16.05707196,1.38642E+11
247,6.55557E+11,65555741182,16.12655087,1.38071E+11
248,6.55557E+11,98333611773,16.19602978,1.52751E+11
249,6.55557E+11,65555741182,16.26550868,1.77719E+11
250,6.55557E+11,65555741182,16.33498759,1.54105E+11
,,,16.4044665,1.5395E+11
,,,16.47394541,1.6613E+11
,,,16.54342432,1.24217E+11
,,,16.61290323,1.27535E+11
,,,16.68238213,1.11133E+11
,,,16.75186104,1.49445E+11
,,,16.82133995,1.52276E+11
,,,16.89081886,1.8259E+11
,,,16.96029777,1.79606E+11
,,,17.02977667,1.55894E+11
,,,17.09925558,1.79811E+11
,,,17.16873449,1.58127E+11
,,,17.2382134,1.79191E+11
,,,17.30769231,1.82167E+11
,,,17.37717122,1.54105E+11
,,,17.44665012,1.7981E+11
,,,17.51612903,1.7981E+11
,,,17.58560794,1.24061E+11
,,,17.65508685,1.79812E+11
,,,17.72456576,1.52276E+11
,,,17.79404467,1.7981E+11
,,,17.86352357,1.26071E+11
,,,17.93300248,1.79812E+11
,,,18.00248139,1.79812E+11
,,,18.0719603,1.79812E+11
,,,18.14143921,1.79812E+11
,,,18.21091811,1.00793E+11
,,,18.28039702,1.82799E+11
,,,18.34987593,1.26211E+11
,,,18.41935484,1.79812E+11
,,,18.48883375,1.79812E+11
,,,18.55831266,1.79812E+11
,,,18.62779156,1.79812E+11
,,,18.69727047,1.79812E+11
,,,18.76674938,1.79812E+11
,,,18.83622829,1.70637E+11
,,,18.9057072,1.79812E+11
,,,18.9751861,1.79812E+11
,,,19.04466501,1.79812E+11
,,,19.11414392,1.79812E+11
,,,19.18362283,1.82799E+11
,,,19.25310174,1.79812E+11
,,,19.32258065,1.82799E+11
,,,19.39205955,1.82799E+11
,,,19.46153846,1.79812E+11
,,,19.53101737,1.82799E+11
,,,19.60049628,1.82799E+11
,,,19.66997519,1.82799E+11
,,,19.73945409,1.79812E+11
,,,19.808933,1.79812E+11
,,,19.87841191,1.82799E+11
,,,19.94789082,1.82799E+11
,,,20.01736973,1.82799E+11
,,,20.08684864,1.6668E+11
,,,20.15632754,1.82799E+11
,,,20.22580645,1.44348E+11
,,,20.29528536,1.8259E+11
,,,20.36476427,1.8259E+11
,,,20.43424318,1.8259E+11
,,,20.50372208,1.8259E+11
,,,20.57320099,1.64845E+11
,,,20.6426799,1.36354E+11
,,,20.71215881,1.8259E+11
,,,20.78163772,1.8259E+11
,,,20.85111663,1.8259E+11
,,,20.92059553,1.79606E+11
,,,20.99007444,1.8259E+11
,,,21.05955335,1.8259E+11
,,,21.12903226,1.8259E+11
,,,21.19851117,1.8259E+11
,,,21.26799007,1.00605E+11
,,,21.33746898,1.82056E+11
,,,21.40694789,1.82056E+11
,,,21.4764268,1.82056E+11
,,,21.54590571,1.82056E+11
,,,21.61538462,1.82056E+11
,,,21.68486352,1.82056E+11
,,,21.75434243,1.82056E+11
,,,21.82382134,1.82056E+11
,,,21.89330025,1.82056E+11
,,,21.96277916,1.82056E+11
,,,22.03225806,1.82056E+11
,,,22.10173697,1.82056E+11
,,,22.17121588,1.82056E+11
,,,22.24069479,1.82056E+11
,,,22.3101737,1.82056E+11
,,,22.37965261,1.82056E+11
,,,22.44913151,1.82056E+11
,,,22.51861042,1.68604E+11
,,,22.58808933,87625298167
,,,22.65756824,1.82591E+11
,,,22.72704715,1.21773E+11
,,,22.79652605,1.8259E+11
,,,22.86600496,1.8259E+11
,,,22.93548387,1.8259E+11
,,,23.00496278,1.8259E+11
,,,23.07444169,1.61917E+11
,,,23.1439206,86069996455
,,,23.2133995,1.84989E+11
,,,23.28287841,1.8259E+11
,,,23.35235732,1.8259E+11
,,,23.42183623,1.86673E+11
,,,23.49131514,1.82592E+11
,,,23.56079404,1.82592E+11
,,,23.63027295,1.82592E+11
,,,23.69975186,1.82592E+11
,,,23.76923077,1.79608E+11
,,,23.83870968,1.82592E+11
,,,23.90818859,1.82592E+11
,,,23.97766749,1.48084E+11
,,,24.0471464,1.74983E+11
,,,24.11662531,1.82626E+11
,,,24.18610422,1.82626E+11
,,,24.25558313,1.84989E+11
,,,24.32506203,1.8259E+11
,,,24.39454094,1.8259E+11
,,,24.46401985,1.84989E+11
,,,24.53349876,1.86671E+11
,,,24.60297767,1.82592E+11
,,,24.67245658,1.86673E+11
,,,24.74193548,1.82592E+11
,,,24.81141439,1.86673E+11
,,,24.8808933,1.82592E+11
,,,24.95037221,1.82592E+11
,,,25.01985112,1.82592E+11
,,,25.08933002,1.82592E+11
,,,25.15880893,1.82592E+11
,,,25.22828784,1.84989E+11
,,,25.29776675,1.8259E+11
,,,25.36724566,1.86673E+11
,,,25.43672457,1.86673E+11
,,,25.50620347,1.84989E+11
,,,25.57568238,1.36768E+11
,,,25.64516129,1.86673E+11
,,,25.7146402,1.24569E+11
,,,25.78411911,1.75992E+11
,,,25.85359801,1.48948E+11
,,,25.92307692,1.82591E+11
,,,25.99255583,1.46149E+11
,,,26.06203474,1.82592E+11
,,,26.13151365,1.86673E+11
,,,26.20099256,1.45749E+11
,,,26.27047146,1.71253E+11
,,,26.33995037,1.86673E+11
,,,26.40942928,92809192768
,,,26.47890819,1.86671E+11
,,,26.5483871,1.86671E+11
,,,26.617866,1.8725E+11
,,,26.68734491,1.8667E+11
,,,26.75682382,1.8725E+11
,,,26.82630273,1.83182E+11
,,,26.89578164,1.8667E+11
,,,26.96526055,1.8667E+11
,,,27.03473945,1.82592E+11
,,,27.10421836,1.86673E+11
,,,27.17369727,1.84989E+11
,,,27.24317618,1.86671E+11
,,,27.31265509,1.8725E+11
,,,27.382134,1.8667E+11
,,,27.4516129,1.8667E+11
,,,27.52109181,1.71055E+11
,,,27.59057072,1.86672E+11
,,,27.66004963,1.12615E+11
,,,27.72952854,1.17785E+11
,,,27.79900744,1.86672E+11
,,,27.86848635,1.33413E+11
,,,27.93796526,1.86673E+11
,,,28.00744417,1.66562E+11
,,,28.07692308,2.00908E+11
,,,28.14640199,1.55986E+11
,,,28.21588089,1.86671E+11
,,,28.2853598,1.8725E+11
,,,28.35483871,1.8667E+11
,,,28.42431762,1.8725E+11
,,,28.49379653,2.03969E+11
,,,28.56327543,1.12461E+11
,,,28.63275434,1.87089E+11
,,,28.70223325,1.65741E+11
,,,28.77171216,1.8725E+11
,,,28.84119107,1.8667E+11
,,,28.91066998,1.34265E+11
,,,28.98014888,1.87249E+11
,,,29.04962779,1.8667E+11
,,,29.1191067,1.8725E+11
,,,29.18858561,1.37049E+11
,,,29.25806452,1.86673E+11
,,,29.32754342,1.8725E+11
,,,29.39702233,1.78084E+11
,,,29.46650124,1.43192E+11
,,,29.53598015,2.00909E+11
,,,29.60545906,2.18455E+11
,,,29.67493797,1.8725E+11
,,,29.74441687,1.8725E+11
,,,29.81389578,1.8725E+11
,,,29.88337469,1.98838E+11
,,,29.9528536,2.00908E+11
,,,30.02233251,2.03969E+11
,,,30.09181141,1.87141E+11
,,,30.16129032,1.94705E+11
,,,30.23076923,1.86671E+11
,,,30.30024814,1.81912E+11
,,,30.36972705,1.33443E+11
,,,30.43920596,1.87248E+11
,,,30.50868486,1.24799E+11
,,,30.57816377,2.18455E+11
,,,30.64764268,1.9222E+11
,,,30.71712159,1.99212E+11
,,,30.7866005,2.033E+11
,,,30.8560794,2.033E+11
,,,30.92555831,2.033E+11
,,,30.99503722,2.033E+11
,,,31.06451613,2.033E+11
,,,31.13399504,2.00908E+11
,,,31.20347395,2.03969E+11
,,,31.27295285,1.13312E+11
,,,31.34243176,2.03969E+11
,,,31.41191067,1.48679E+11
,,,31.48138958,2.03968E+11
,,,31.55086849,1.97934E+11
,,,31.62034739,2.03969E+11
,,,31.6898263,2.03969E+11
,,,31.75930521,2.03969E+11
,,,31.82878412,2.18457E+11
,,,31.89826303,2.03969E+11
,,,31.96774194,1.98814E+11
,,,32.03722084,2.03969E+11
,,,32.10669975,1.59627E+11
,,,32.17617866,2.03968E+11
,,,32.24565757,2.06938E+11
,,,32.31513648,2.03968E+11
,,,32.38461538,2.18457E+11
,,,32.45409429,2.18457E+11
,,,32.5235732,1.78278E+11
,,,32.59305211,1.30244E+11
,,,32.66253102,2.20252E+11
,,,32.73200993,2.03969E+11
,,,32.80148883,2.18457E+11
,,,32.87096774,1.49872E+11
,,,32.94044665,1.47981E+11
,,,33.00992556,2.39752E+11
,,,33.07940447,2.03969E+11
,,,33.14888337,1.62641E+11
,,,33.21836228,2.18457E+11
,,,33.28784119,2.08598E+11
,,,33.3573201,2.18457E+11
,,,33.42679901,1.85736E+11
,,,33.49627792,1.48812E+11
,,,33.56575682,2.03703E+11
,,,33.63523573,2.18455E+11
,,,33.70471464,2.3975E+11
,,,33.77419355,2.18457E+11
,,,33.84367246,2.3975E+11
,,,33.91315136,1.64691E+11
,,,33.98263027,2.39752E+11
,,,34.05210918,2.20457E+11
,,,34.12158809,2.24109E+11
,,,34.191067,2.3194E+11
,,,34.26054591,2.18457E+11
,,,34.33002481,1.67524E+11
,,,34.39950372,2.18457E+11
,,,34.46898263,1.85696E+11
,,,34.53846154,2.18455E+11
,,,34.60794045,1.36873E+11
,,,34.67741935,1.88246E+11
,,,34.74689826,1.74707E+11
,,,34.81637717,1.4738E+11
,,,34.88585608,1.16226E+11
,,,34.95533499,2.53817E+11
,,,35.0248139,1.85058E+11
,,,35.0942928,2.3975E+11
,,,35.16377171,2.16676E+11
,,,35.23325062,2.16134E+11
,,,35.30272953,2.39752E+11
,,,35.37220844,2.18457E+11
,,,35.44168734,2.3975E+11
,,,35.51116625,2.3975E+11
,,,35.58064516,2.13157E+11
,,,35.65012407,2.18457E+11
,,,35.71960298,1.27385E+11
,,,35.78908189,1.80032E+11
,,,35.85856079,2.18457E+11
,,,35.9280397,2.12985E+11
,,,35.99751861,1.03125E+11
,,,36.06699752,2.3975E+11
,,,36.13647643,2.16132E+11
,,,36.20595533,2.39674E+11
,,,36.27543424,2.38994E+11
,,,36.34491315,2.38994E+11
,,,36.41439206,2.29892E+11
,,,36.48387097,2.5445E+11
,,,36.55334988,2.2688E+11
,,,36.62282878,2.39752E+11
,,,36.69230769,2.3051E+11
,,,36.7617866,2.39752E+11
,,,36.83126551,2.40433E+11
,,,36.90074442,2.39752E+11
,,,36.97022333,2.39752E+11
,,,37.03970223,2.39752E+11
,,,37.10918114,2.40433E+11
,,,37.17866005,1.30778E+11
,,,37.24813896,2.3975E+11
,,,37.31761787,2.3975E+11
,,,37.38709677,2.62187E+11
,,,37.45657568,99207641816
,,,37.52605459,2.39752E+11
,,,37.5955335,2.30163E+11
,,,37.66501241,2.53817E+11
,,,37.73449132,2.12987E+11
,,,37.80397022,2.40244E+11
,,,37.87344913,2.53818E+11
,,,37.94292804,1.80633E+11
,,,38.01240695,2.30836E+11
,,,38.08188586,2.30163E+11
,,,38.15136476,2.39752E+11
,,,38.22084367,2.62187E+11
,,,38.29032258,2.53818E+11
,,,38.35980149,1.80589E+11
,,,38.4292804,1.04698E+11
,,,38.49875931,1.43566E+11
,,,38.56823821,2.5445E+11
,,,38.63771712,1.4705E+11
,,,38.70719603,2.53818E+11
,,,38.77667494,2.53653E+11
,,,38.84615385,1.81969E+11
,,,38.91563275,2.53818E+11
,,,38.98511166,2.53653E+11
,,,39.05459057,2.39674E+11
,,,39.12406948,2.63652E+11
,,,39.19354839,2.04029E+11
,,,39.2630273,2.62188E+11
,,,39.3325062,2.5445E+11
,,,39.40198511,2.62189E+11
,,,39.47146402,2.62189E+11
,,,39.54094293,2.43047E+11
,,,39.61042184,1.14218E+11
,,,39.67990074,1.58641E+11
,,,39.74937965,2.62189E+11
,,,39.81885856,2.62189E+11
,,,39.88833747,2.62189E+11
,,,39.95781638,2.53818E+11
,,,40.02729529,2.62189E+11
,,,40.09677419,2.62009E+11
,,,40.1662531,2.62189E+11
,,,40.23573201,2.62009E+11
,,,40.30521092,2.62189E+11
,,,40.37468983,2.38416E+11
,,,40.44416873,2.27004E+11
,,,40.51364764,2.62189E+11
,,,40.58312655,2.62189E+11
,,,40.65260546,2.62189E+11
,,,40.72208437,2.53818E+11
,,,40.79156328,2.62189E+11
,,,40.86104218,2.62189E+11
,,,40.93052109,2.62189E+11
,,,41,2.71653E+11
,,,41.06504065,2.62189E+11
,,,41.1300813,2.62189E+11
,,,41.19512195,2.62009E+11
,,,41.2601626,2.62189E+11
,,,41.32520325,2.50247E+11
,,,41.3902439,2.62781E+11
,,,41.45528455,2.62961E+11
,,,41.5203252,2.62961E+11
,,,41.58536585,2.62961E+11
,,,41.6504065,2.62961E+11
,,,41.71544715,1.97342E+11
,,,41.7804878,2.62783E+11
,,,41.84552846,2.62963E+11
,,,41.91056911,2.62963E+11
,,,41.97560976,2.62963E+11
,,,42.04065041,2.62963E+11
,,,42.10569106,2.62783E+11
,,,42.17073171,2.71653E+11
,,,42.23577236,2.71653E+11
,,,42.30081301,2.62189E+11
,,,42.36585366,2.62009E+11
,,,42.43089431,2.62189E+11
,,,42.49593496,2.62189E+11
,,,42.56097561,2.62189E+11
,,,42.62601626,2.62009E+11
,,,42.69105691,2.62009E+11
,,,42.75609756,2.62189E+11
,,,42.82113821,2.62189E+11
,,,42.88617886,1.91922E+11
,,,42.95121951,2.71654E+11
,,,43.01626016,2.71654E+11
,,,43.08130081,2.71138E+11
,,,43.14634146,2.62783E+11
,,,43.21138211,2.62783E+11
,,,43.27642276,2.62963E+11
,,,43.34146341,2.71653E+11
,,,43.40650407,2.71653E+11
,,,43.47154472,1.93502E+11
,,,43.53658537,2.71655E+11
,,,43.60162602,2.62189E+11
,,,43.66666667,2.71653E+11
,,,43.73170732,2.62783E+11
,,,43.79674797,2.62963E+11
,,,43.86178862,2.71653E+11
,,,43.92682927,1.59911E+11
,,,43.99186992,2.71655E+11
,,,44.05691057,2.71655E+11
,,,44.12195122,2.62189E+11
,,,44.18699187,2.05902E+11
,,,44.25203252,2.71655E+11
,,,44.31707317,2.71655E+11
,,,44.38211382,2.62189E+11
,,,44.44715447,2.71653E+11
,,,44.51219512,1.75025E+11
,,,44.57723577,2.71655E+11
,,,44.64227642,2.71655E+11
,,,44.70731707,2.71655E+11
,,,44.77235772,2.71655E+11
,,,44.83739837,2.71655E+11
,,,44.90243902,2.05173E+11
,,,44.96747967,2.62189E+11
,,,45.03252033,2.71653E+11
,,,45.09756098,2.12593E+11
,,,45.16260163,2.71653E+11
,,,45.22764228,2.71653E+11
,,,45.29268293,2.43493E+11
,,,45.35772358,1.97641E+11
,,,45.42276423,2.71653E+11
,,,45.48780488,2.71653E+11
,,,45.55284553,2.71653E+11
,,,45.61788618,2.48937E+11
,,,45.68292683,2.50799E+11
,,,45.74796748,2.71654E+11
,,,45.81300813,2.71654E+11
,,,45.87804878,2.71654E+11
,,,45.94308943,2.71654E+11
,,,46.00813008,2.48937E+11
,,,46.07317073,2.71653E+11
,,,46.13821138,2.71653E+11
,,,46.20325203,2.52111E+11
,,,46.26829268,2.71655E+11
,,,46.33333333,2.71655E+11
,,,46.39837398,2.71655E+11
,,,46.46341463,1.62163E+11
,,,46.52845528,2.71654E+11
,,,46.59349593,2.71654E+11
,,,46.65853659,2.71654E+11
,,,46.72357724,2.71654E+11
,,,46.78861789,2.71654E+11
,,,46.85365854,2.71654E+11
,,,46.91869919,2.71654E+11
,,,46.98373984,2.71654E+11
,,,47.04878049,2.71654E+11
,,,47.11382114,2.71654E+11
,,,47.17886179,2.71654E+11
,,,47.24390244,2.71654E+11
,,,47.30894309,2.71654E+11
,,,47.37398374,2.71654E+11
,,,47.43902439,2.71654E+11
,,,47.50406504,2.71654E+11
,,,47.56910569,2.71654E+11
,,,47.63414634,2.71654E+11
,,,47.69918699,1.11018E+11
,,,47.76422764,2.00215E+11
,,,47.82926829,1.44819E+11
,,,47.89430894,1.81596E+11
,,,47.95934959,1.71916E+11
,,,48.02439024,2.71655E+11
,,,48.08943089,2.71655E+11
,,,48.15447154,2.71655E+11
,,,48.2195122,2.71655E+11
,,,48.28455285,2.71655E+11
,,,48.3495935,1.26493E+11
,,,48.41463415,2.71654E+11
,,,48.4796748,2.71654E+11
,,,48.54471545,2.71654E+11
,,,48.6097561,1.94725E+11
,,,48.67479675,2.75162E+11
,,,48.7398374,2.71543E+11
,,,48.80487805,2.71543E+11
,,,48.8699187,2.52677E+11
,,,48.93495935,2.71543E+11
,,,49,1.42962E+11
,,,49.06504065,2.1495E+11
,,,49.1300813,2.20103E+11
,,,49.19512195,2.71655E+11
,,,49.2601626,1.89387E+11
,,,49.32520325,2.53149E+11
,,,49.3902439,2.09323E+11
,,,49.45528455,2.71653E+11
,,,49.5203252,2.44483E+11
,,,49.58536585,2.09751E+11
,,,49.6504065,2.71653E+11
,,,49.71544715,2.30225E+11
,,,49.7804878,2.71655E+11
,,,49.84552846,1.32719E+11
,,,49.91056911,2.71655E+11
,,,49.97560976,2.71655E+11
,,,50.04065041,2.5307E+11
,,,50.10569106,2.71655E+11
,,,50.17073171,2.71655E+11
,,,50.23577236,1.74588E+11
,,,50.30081301,2.71655E+11
,,,50.36585366,2.71655E+11
,,,50.43089431,2.71655E+11
,,,50.49593496,2.71655E+11
,,,50.56097561,2.75274E+11
,,,50.62601626,1.61295E+11
,,,50.69105691,2.71655E+11
,,,50.75609756,2.75274E+11
,,,50.82113821,2.71655E+11
,,,50.88617886,2.71655E+11
,,,50.95121951,2.76567E+11
,,,51.01626016,2.71655E+11
,,,51.08130081,1.08815E+11
,,,51.14634146,2.71655E+11
,,,51.21138211,2.71655E+11
,,,51.27642276,2.75274E+11
,,,51.34146341,2.71655E+11
,,,51.40650407,2.71655E+11
,,,51.47154472,2.75274E+11
,,,51.53658537,2.71655E+11
,,,51.60162602,2.71655E+11
,,,51.66666667,2.71655E+11
,,,51.73170732,2.75274E+11
,,,51.79674797,2.71655E+11
,,,51.86178862,1.27618E+11
,,,51.92682927,1.73668E+11
,,,51.99186992,2.61514E+11
,,,52.05691057,2.62178E+11
,,,52.12195122,2.76339E+11
,,,52.18699187,2.59188E+11
,,,52.25203252,2.05395E+11
,,,52.31707317,2.51561E+11
,,,52.38211382,2.75162E+11
,,,52.44715447,2.75162E+11
,,,52.51219512,2.75162E+11
,,,52.57723577,2.12925E+11
,,,52.64227642,2.7516E+11
,,,52.70731707,2.71541E+11
,,,52.77235772,2.76567E+11
,,,52.83739837,2.75162E+11
,,,52.90243902,2.75162E+11
,,,52.96747967,2.76567E+11
,,,53.03252033,2.75162E+11
,,,53.09756098,2.75162E+11
,,,53.16260163,2.76567E+11
,,,53.22764228,1.64671E+11
,,,53.29268293,2.7516E+11
,,,53.35772358,2.7516E+11
,,,53.42276423,2.7516E+11
,,,53.48780488,2.7516E+11
,,,53.55284553,2.7516E+11
,,,53.61788618,2.76567E+11
,,,53.68292683,2.59188E+11
,,,53.74796748,1.41395E+11
,,,53.81300813,1.67533E+11
,,,53.87804878,97318262441
,,,53.94308943,2.48812E+11
,,,54.00813008,2.55148E+11
,,,54.07317073,2.76567E+11
,,,54.13821138,2.76567E+11
,,,54.20325203,2.76567E+11
,,,54.26829268,2.76567E+11
,,,54.33333333,2.75162E+11
,,,54.39837398,1.3727E+11
,,,54.46341463,2.75162E+11
,,,54.52845528,2.80234E+11
,,,54.59349593,2.37078E+11
,,,54.65853659,2.76567E+11
,,,54.72357724,2.76567E+11
,,,54.78861789,2.76567E+11
,,,54.85365854,2.76567E+11
,,,54.91869919,2.76567E+11
,,,54.98373984,2.76567E+11
,,,55.04878049,2.38724E+11
,,,55.11382114,2.76565E+11
,,,55.17886179,2.76565E+11
,,,55.24390244,2.76565E+11
,,,55.30894309,2.81876E+11
,,,55.37398374,1.82502E+11
,,,55.43902439,2.76567E+11
,,,55.50406504,2.81878E+11
,,,55.56910569,2.58876E+11
,,,55.63414634,2.75162E+11
,,,55.69918699,2.76567E+11
,,,55.76422764,2.76567E+11
,,,55.82926829,2.12644E+11
,,,55.89430894,2.10432E+11
,,,55.95934959,2.76576E+11
,,,56.02439024,2.76576E+11
,,,56.08943089,2.76576E+11
,,,56.15447154,2.81886E+11
,,,56.2195122,2.81886E+11
,,,56.28455285,1.69919E+11
,,,56.3495935,2.44089E+11
,,,56.41463415,2.81085E+11
,,,56.4796748,2.75793E+11
,,,56.54471545,2.81085E+11
,,,56.6097561,2.75793E+11
,,,56.67479675,2.75793E+11
,,,56.7398374,2.54855E+11
,,,56.80487805,2.81083E+11
,,,56.8699187,2.81083E+11
,,,56.93495935,1.65482E+11
,,,57,2.81085E+11
,,,57.06504065,2.81085E+11
,,,57.1300813,2.81085E+11
,,,57.19512195,2.81085E+11
,,,57.2601626,2.11834E+11
,,,57.32520325,2.82759E+11
,,,57.3902439,2.81133E+11
,,,57.45528455,2.44088E+11
,,,57.5203252,1.81207E+11
,,,57.58536585,2.81084E+11
,,,57.6504065,2.81084E+11
,,,57.71544715,2.81084E+11
,,,57.7804878,2.54855E+11
,,,57.84552846,1.16771E+11
,,,57.91056911,2.8276E+11
,,,57.97560976,2.8276E+11
,,,58.04065041,2.14178E+11
,,,58.10569106,2.81084E+11
,,,58.17073171,2.81084E+11
,,,58.23577236,1.67684E+11
,,,58.30081301,2.00207E+11
,,,58.36585366,2.38676E+11
,,,58.43089431,2.81085E+11
,,,58.49593496,2.81085E+11
,,,58.56097561,2.81085E+11
,,,58.62601626,2.82709E+11
,,,58.69105691,2.81085E+11
,,,58.75609756,2.82709E+11
,,,58.82113821,2.81085E+11
,,,58.88617886,2.82709E+11
,,,58.95121951,2.81085E+11
,,,59.01626016,2.81085E+11
,,,59.08130081,2.81085E+11
,,,59.14634146,2.82709E+11
,,,59.21138211,2.37167E+11
,,,59.27642276,2.82759E+11
,,,59.34146341,2.81132E+11
,,,59.40650407,2.82759E+11
,,,59.47154472,2.81132E+11
,,,59.53658537,2.82759E+11
,,,59.60162602,2.82759E+11
,,,59.66666667,2.82759E+11
,,,59.73170732,2.82759E+11
,,,59.79674797,2.82759E+11
,,,59.86178862,2.82759E+11
,,,59.92682927,2.82759E+11
,,,59.99186992,2.58436E+11
,,,60.05691057,2.82759E+11
,,,60.12195122,2.82759E+11
,,,60.18699187,1.03912E+11
,,,60.25203252,2.82759E+11
,,,60.31707317,2.82759E+11
,,,60.38211382,2.81132E+11
,,,60.44715447,2.82759E+11
,,,60.51219512,2.82759E+11
,,,60.57723577,2.82759E+11
,,,60.64227642,2.82759E+11
,,,60.70731707,1.45665E+11
,,,60.77235772,1.68226E+11
,,,60.83739837,2.82759E+11
,,,60.90243902,2.82759E+11
,,,60.96747967,2.82759E+11
,,,61.03252033,2.82759E+11
,,,61.09756098,2.82759E+11
,,,61.16260163,2.82759E+11
,,,61.22764228,2.82759E+11
,,,61.29268293,2.82759E+11
,,,61.35772358,2.82759E+11
,,,61.42276423,2.82759E+11
,,,61.48780488,2.82759E+11
,,,61.55284553,2.82759E+11
,,,61.61788618,2.82759E+11
,,,61.68292683,2.82759E+11
,,,61.74796748,1.2969E+11
,,,61.81300813,2.8276E+11
,,,61.87804878,2.8276E+11
,,,61.94308943,2.8276E+11
,,,62.00813008,2.8276E+11
,,,62.07317073,2.61771E+11
,,,62.13821138,1.93766E+11
,,,62.20325203,2.50745E+11
,,,62.26829268,2.82759E+11
,,,62.33333333,1.61301E+11
,,,62.39837398,2.82759E+11
,,,62.46341463,2.82759E+11
,,,62.52845528,2.82759E+11
,,,62.59349593,2.82759E+11
,,,62.65853659,2.82759E+11
,,,62.72357724,1.52188E+11
,,,62.78861789,2.8276E+11
,,,62.85365854,2.8276E+11
,,,62.91869919,2.8276E+11
,,,62.98373984,2.8276E+11
,,,63.04878049,2.76142E+11
,,,63.11382114,2.8276E+11
,,,63.17886179,2.8276E+11
,,,63.24390244,1.35776E+11
,,,63.30894309,2.2191E+11
,,,63.37398374,2.82759E+11
,,,63.43902439,2.82759E+11
,,,63.50406504,2.31543E+11
,,,63.56910569,2.82759E+11
,,,63.63414634,2.82759E+11
,,,63.69918699,2.82759E+11
,,,63.76422764,2.82759E+11
,,,63.82926829,2.82759E+11
,,,63.89430894,2.82759E+11
,,,63.95934959,1.33788E+11
,,,64.02439024,2.82761E+11
,,,64.08943089,2.82761E+11
,,,64.15447154,2.82761E+11
,,,64.2195122,1.64595E+11
,,,64.28455285,2.8276E+11
,,,64.3495935,2.57603E+11
,,,64.41463415,2.34275E+11
,,,64.4796748,2.82759E+11
,,,64.54471545,1.83865E+11
,,,64.6097561,2.82759E+11
,,,64.67479675,2.82759E+11
,,,64.7398374,2.69454E+11
,,,64.80487805,2.82759E+11
,,,64.8699187,2.82759E+11
,,,64.93495935,2.82759E+11
,,,65,2.82759E+11
,,,65.06504065,2.82759E+11
,,,65.1300813,2.82759E+11
,,,65.19512195,2.82759E+11
,,,65.2601626,2.82759E+11
,,,65.32520325,2.82759E+11
,,,65.3902439,1.45009E+11
,,,65.45528455,2.55334E+11
,,,65.5203252,1.10017E+11
,,,65.58536585,1.82252E+11
,,,65.6504065,2.25844E+11
,,,65.71544715,2.55275E+11
,,,65.7804878,2.82759E+11
,,,65.84552846,2.57507E+11
,,,65.91056911,1.58296E+11
,,,65.97560976,2.8276E+11
,,,66.04065041,1.90803E+11
,,,66.10569106,2.57608E+11
,,,66.17073171,2.82759E+11
,,,66.23577236,2.09589E+11
,,,66.30081301,2.8276E+11
,,,66.36585366,1.68524E+11
,,,66.43089431,2.8276E+11
,,,66.49593496,2.55843E+11
,,,66.56097561,2.36118E+11
,,,66.62601626,2.83637E+11
,,,66.69105691,2.57608E+11
,,,66.75609756,2.82759E+11
,,,66.82113821,2.82759E+11
,,,66.88617886,1.96775E+11
,,,66.95121951,2.8276E+11
,,,67.01626016,2.13332E+11
,,,67.08130081,2.80248E+11
,,,67.14634146,1.4923E+11
,,,67.21138211,2.8276E+11
,,,67.27642276,1.35514E+11
,,,67.34146341,2.82759E+11
,,,67.40650407,2.82759E+11
,,,67.47154472,2.82759E+11
,,,67.53658537,2.82759E+11
,,,67.60162602,2.82759E+11
,,,67.66666667,1.20461E+11
,,,67.73170732,2.8276E+11
,,,67.79674797,2.8276E+11
,,,67.86178862,1.45572E+11
,,,67.92682927,2.8276E+11
,,,67.99186992,2.8276E+11
,,,68.05691057,2.8276E+11
,,,68.12195122,2.448E+11
,,,68.18699187,2.82759E+11
,,,68.25203252,2.57607E+11
,,,68.31707317,2.24297E+11
,,,68.38211382,1.96055E+11
,,,68.44715447,2.58239E+11
,,,68.51219512,2.83315E+11
,,,68.57723577,2.71958E+11
,,,68.64227642,2.8215E+11
,,,68.70731707,2.00495E+11
,,,68.77235772,1.42463E+11
,,,68.83739837,2.52996E+11
,,,68.90243902,2.82759E+11
,,,68.96747967,2.82759E+11
,,,69.03252033,2.82759E+11
,,,69.09756098,2.82759E+11
,,,69.16260163,2.82759E+11
,,,69.22764228,2.82759E+11
,,,69.29268293,2.82759E+11
,,,69.35772358,2.82759E+11
,,,69.42276423,3.07458E+11
,,,69.48780488,2.82759E+11
,,,69.55284553,2.82759E+11
,,,69.61788618,2.82759E+11
,,,69.68292683,2.82759E+11
,,,69.74796748,2.74999E+11
,,,69.81300813,1.60135E+11
,,,69.87804878,2.8276E+11
,,,69.94308943,2.33279E+11
,,,70.00813008,2.82759E+11
,,,70.07317073,2.37964E+11
,,,70.13821138,1.9234E+11
,,,70.20325203,2.74008E+11
,,,70.26829268,2.82759E+11
,,,70.33333333,2.82759E+11
,,,70.39837398,1.33227E+11
,,,70.46341463,2.8276E+11
,,,70.52845528,97981375183
,,,70.59349593,2.02504E+11
,,,70.65853659,3.07457E+11
,,,70.72357724,2.82759E+11
,,,70.78861789,3.07458E+11
,,,70.85365854,2.27193E+11
,,,70.91869919,1.97539E+11
,,,70.98373984,2.82759E+11
,,,71.04878049,3.07458E+11
,,,71.11382114,1.88485E+11
,,,71.17886179,3.07459E+11
,,,71.24390244,2.82759E+11
,,,71.30894309,3.07458E+11
,,,71.37398374,3.07458E+11
,,,71.43902439,2.41699E+11
,,,71.50406504,3.07458E+11
,,,71.56910569,3.07458E+11
,,,71.63414634,3.04459E+11
,,,71.69918699,3.07458E+11
,,,71.76422764,2.86568E+11
,,,71.82926829,3.07458E+11
,,,71.89430894,3.07458E+11
,,,71.95934959,3.07458E+11
,,,72.02439024,3.07458E+11
,,,72.08943089,3.07458E+11
,,,72.15447154,3.15095E+11
,,,72.2195122,2.82759E+11
,,,72.28455285,3.07458E+11
,,,72.3495935,1.77994E+11
,,,72.41463415,2.95226E+11
,,,72.4796748,3.25427E+11
,,,72.54471545,2.34015E+11
,,,72.6097561,1.95745E+11
,,,72.67479675,2.90039E+11
,,,72.7398374,3.15095E+11
,,,72.80487805,1.74006E+11
,,,72.8699187,3.07459E+11
,,,72.93495935,1.9852E+11
,,,73,2.95228E+11
,,,73.06504065,3.07457E+11
,,,73.1300813,2.19252E+11
,,,73.19512195,3.26235E+11
,,,73.2601626,3.06719E+11
,,,73.32520325,2.56889E+11
,,,73.3902439,2.04894E+11
,,,73.45528455,3.26235E+11
,,,73.5203252,1.03946E+11
,,,73.58536585,3.26235E+11
,,,73.6504065,3.3118E+11
,,,73.71544715,3.06719E+11
,,,73.7804878,3.06719E+11
,,,73.84552846,3.15095E+11
,,,73.91056911,1.48816E+11
,,,73.97560976,3.15097E+11
,,,74.04065041,1.73871E+11
,,,74.10569106,3.26235E+11
,,,74.17073171,2.86765E+11
,,,74.23577236,3.19026E+11
,,,74.30081301,1.5897E+11
,,,74.36585366,3.22001E+11
,,,74.43089431,3.26233E+11
,,,74.49593496,3.26233E+11
,,,74.56097561,1.84395E+11
,,,74.62601626,1.16506E+11
,,,74.69105691,3.26235E+11
,,,74.75609756,1.61625E+11
,,,74.82113821,1.58581E+11
,,,74.88617886,3.26233E+11
,,,74.95121951,3.26233E+11
,,,75.01626016,1.07817E+11
,,,75.08130081,3.15096E+11
,,,75.14634146,3.15096E+11
,,,75.21138211,3.26233E+11
,,,75.27642276,3.26233E+11
,,,75.34146341,3.26233E+11
,,,75.40650407,3.15095E+11
,,,75.47154472,3.26233E+11
,,,75.53658537,3.26233E+11
,,,75.60162602,3.31178E+11
,,,75.66666667,3.31178E+11
,,,75.73170732,3.26233E+11
,,,75.79674797,3.24656E+11
,,,75.86178862,3.26233E+11
,,,75.92682927,3.26233E+11
,,,75.99186992,3.26233E+11
,,,76.05691057,3.26233E+11
,,,76.12195122,3.26233E+11
,,,76.18699187,3.19024E+11
,,,76.25203252,3.22001E+11
,,,76.31707317,3.26233E+11
,,,76.38211382,3.31178E+11
,,,76.44715447,3.26233E+11
,,,76.51219512,3.31178E+11
,,,76.57723577,3.26233E+11
,,,76.64227642,2.9317E+11
,,,76.70731707,3.31042E+11
,,,76.77235772,3.31042E+11
,,,76.83739837,3.31042E+11
,,,76.90243902,3.26098E+11
,,,76.96747967,3.26098E+11
,,,77.03252033,3.31042E+11
,,,77.09756098,3.31042E+11
,,,77.16260163,1.73875E+11
,,,77.22764228,3.31915E+11
,,,77.29268293,3.26979E+11
,,,77.35772358,3.31915E+11
,,,77.42276423,3.31915E+11
,,,77.48780488,3.31915E+11
,,,77.55284553,3.31915E+11
,,,77.61788618,3.31915E+11
,,,77.68292683,3.31915E+11
,,,77.74796748,3.31915E+11
,,,77.81300813,3.31915E+11
,,,77.87804878,3.31915E+11
,,,77.94308943,3.31915E+11
,,,78.00813008,3.31915E+11
,,,78.07317073,3.31915E+11
,,,78.13821138,3.31915E+11
,,,78.20325203,3.31915E+11
,,,78.26829268,3.31915E+11
,,,78.33333333,1.03572E+11
,,,78.39837398,3.31044E+11
,,,78.46341463,3.31044E+11
,,,78.52845528,3.31044E+11
,,,78.59349593,3.31044E+11
,,,78.65853659,3.31044E+11
,,,78.72357724,1.89531E+11
,,,78.78861789,3.05183E+11
,,,78.85365854,3.31042E+11
,,,78.91869919,1.7817E+11
,,,78.98373984,2.45338E+11
,,,79.04878049,1.49824E+11
,,,79.11382114,3.31044E+11
,,,79.17886179,3.31044E+11
,,,79.24390244,3.31044E+11
,,,79.30894309,2.69813E+11
,,,79.37398374,1.67618E+11
,,,79.43902439,3.31044E+11
,,,79.50406504,1.50116E+11
,,,79.56910569,3.31044E+11
,,,79.63414634,2.55865E+11
,,,79.69918699,3.31042E+11
,,,79.76422764,3.35005E+11
,,,79.82926829,3.31043E+11
,,,79.89430894,3.31043E+11
,,,79.95934959,3.31043E+11
,,,80.02439024,3.31043E+11
,,,80.08943089,2.08187E+11
,,,80.15447154,3.31042E+11
,,,80.2195122,3.31042E+11
,,,80.28455285,3.31042E+11
,,,80.3495935,3.31042E+11
,,,80.41463415,3.31042E+11
,,,80.4796748,1.68717E+11
,,,80.54471545,3.31044E+11
,,,80.6097561,3.31044E+11
,,,80.67479675,2.51532E+11
,,,80.7398374,2.72137E+11
,,,80.80487805,2.50727E+11
,,,80.8699187,3.31042E+11
,,,80.93495935,1.8073E+11
,,,81,3.63534E+11
,,,81.07276507,3.31042E+11
,,,81.14553015,2.08318E+11
,,,81.21829522,3.19099E+11
,,,81.29106029,3.31833E+11
,,,81.36382536,3.31833E+11
,,,81.43659044,3.31833E+11
,,,81.50935551,3.31833E+11
,,,81.58212058,2.04021E+11
,,,81.65488565,3.31044E+11
,,,81.72765073,3.03513E+11
,,,81.8004158,3.31043E+11
,,,81.87318087,3.35005E+11
,,,81.94594595,2.34236E+11
,,,82.01871102,3.31044E+11
,,,82.09147609,2.69528E+11
,,,82.16424116,1.82123E+11
,,,82.23700624,3.13886E+11
,,,82.30977131,3.63534E+11
,,,82.38253638,3.31042E+11
,,,82.45530146,3.31042E+11
,,,82.52806653,3.31042E+11
,,,82.6008316,3.63534E+11
,,,82.67359667,3.31042E+11
,,,82.74636175,3.31042E+11
,,,82.81912682,3.31042E+11
,,,82.89189189,3.35005E+11
,,,82.96465696,1.82808E+11
,,,83.03742204,1.26263E+11
,,,83.11018711,2.48121E+11
,,,83.18295218,3.66826E+11
,,,83.25571726,3.50586E+11
,,,83.32848233,3.66827E+11
,,,83.4012474,3.66827E+11
,,,83.47401247,1.28864E+11
,,,83.54677755,3.35006E+11
,,,83.61954262,3.66826E+11
,,,83.69230769,3.63532E+11
,,,83.76507277,3.63532E+11
,,,83.83783784,3.63532E+11
,,,83.91060291,3.66827E+11
,,,83.98336798,3.35005E+11
,,,84.05613306,3.31043E+11
,,,84.12889813,3.77722E+11
,,,84.2016632,3.31043E+11
,,,84.27442827,2.66983E+11
,,,84.34719335,3.66827E+11
,,,84.41995842,2.389E+11
,,,84.49272349,2.38313E+11
,,,84.56548857,3.66826E+11
,,,84.63825364,1.89308E+11
,,,84.71101871,3.35006E+11
,,,84.78378378,3.7421E+11
,,,84.85654886,3.66428E+11
,,,84.92931393,3.62731E+11
,,,85.002079,1.6199E+11
,,,85.07484407,3.63534E+11
,,,85.14760915,2.71759E+11
,,,85.22037422,3.63534E+11
,,,85.29313929,2.01699E+11
,,,85.36590437,1.68663E+11
,,,85.43866944,3.66827E+11
,,,85.51143451,3.09477E+11
,,,85.58419958,1.53325E+11
,,,85.65696466,3.7421E+11
,,,85.72972973,3.77721E+11
,,,85.8024948,3.66827E+11
,,,85.87525988,3.66827E+11
,,,85.94802495,3.77723E+11
,,,86.02079002,3.66827E+11
,,,86.09355509,3.50586E+11
,,,86.16632017,3.76628E+11
,,,86.23908524,3.63534E+11
,,,86.31185031,3.66827E+11
,,,86.38461538,3.45852E+11
,,,86.45738046,3.50586E+11
,,,86.53014553,3.66827E+11
,,,86.6029106,2.14148E+11
,,,86.67567568,3.77722E+11
,,,86.74844075,2.64742E+11
,,,86.82120582,1.76116E+11
,,,86.89397089,3.77723E+11
,,,86.96673597,3.77723E+11
,,,87.03950104,1.43233E+11
,,,87.11226611,3.77722E+11
,,,87.18503119,3.7421E+11
,,,87.25779626,3.66428E+11
,,,87.33056133,3.41302E+11
,,,87.4033264,2.24499E+11
,,,87.47609148,3.77723E+11
,,,87.54885655,3.66827E+11
,,,87.62162162,3.77723E+11
,,,87.69438669,1.6145E+11
,,,87.76715177,3.7421E+11
,,,87.83991684,3.45487E+11
,,,87.91268191,3.77721E+11
,,,87.98544699,2.06202E+11
,,,88.05821206,2.00622E+11
,,,88.13097713,3.77723E+11
,,,88.2037422,3.16122E+11
,,,88.27650728,3.13227E+11
,,,88.34927235,3.67411E+11
,,,88.42203742,3.77721E+11
,,,88.49480249,3.77721E+11
,,,88.56756757,3.66827E+11
,,,88.64033264,3.77723E+11
,,,88.71309771,3.77723E+11
,,,88.78586279,3.77723E+11
,,,88.85862786,3.42465E+11
,,,88.93139293,3.77723E+11
,,,89.004158,2.57918E+11
,,,89.07692308,1.56173E+11
,,,89.14968815,3.77723E+11
,,,89.22245322,3.66827E+11
,,,89.2952183,3.77723E+11
,,,89.36798337,3.77723E+11
,,,89.44074844,3.77723E+11
,,,89.51351351,3.77723E+11
,,,89.58627859,3.77723E+11
,,,89.65904366,1.10994E+11
,,,89.73180873,3.77723E+11
,,,89.8045738,3.77723E+11
,,,89.87733888,3.77723E+11
,,,89.95010395,3.468E+11
,,,90.02286902,3.77723E+11
,,,90.0956341,3.77723E+11
,,,90.16839917,3.77723E+11
,,,90.24116424,3.77723E+11
,,,90.31392931,3.77723E+11
,,,90.38669439,3.77723E+11
,,,90.45945946,3.77723E+11
,,,90.53222453,3.77723E+11
,,,90.6049896,2.28568E+11
,,,90.67775468,3.77723E+11
,,,90.75051975,3.77723E+11
,,,90.82328482,3.10117E+11
,,,90.8960499,3.77723E+11
,,,90.96881497,3.77723E+11
,,,91.04158004,3.77723E+11
,,,91.11434511,3.77723E+11
,,,91.18711019,3.77723E+11
,,,91.25987526,2.7071E+11
,,,91.33264033,1.94068E+11
,,,91.40540541,3.53741E+11
,,,91.47817048,3.77723E+11
,,,91.55093555,2.68881E+11
,,,91.62370062,3.7772E+11
,,,91.6964657,3.7772E+11
,,,91.76923077,3.7772E+11
,,,91.84199584,1.45321E+11
,,,91.91476091,3.77722E+11
,,,91.98752599,3.77722E+11
,,,92.06029106,2.93812E+11
,,,92.13305613,3.52893E+11
,,,92.20582121,2.33169E+11
,,,92.27858628,3.53208E+11
,,,92.35135135,3.78667E+11
,,,92.42411642,3.78667E+11
,,,92.4968815,3.42138E+11
,,,92.56964657,2.24821E+11
,,,92.64241164,3.47978E+11
,,,92.71517672,3.82431E+11
,,,92.78794179,3.13707E+11
,,,92.86070686,3.77723E+11
,,,92.93347193,2.77436E+11
,,,93.00623701,2.25036E+11
,,,93.07900208,3.77722E+11
,,,93.15176715,3.52009E+11
,,,93.22453222,1.9385E+11
,,,93.2972973,3.7772E+11
,,,93.37006237,3.53741E+11
,,,93.44282744,3.77723E+11
,,,93.51559252,4.02574E+11
,,,93.58835759,3.82431E+11
,,,93.66112266,2.14145E+11
,,,93.73388773,3.4971E+11
,,,93.80665281,3.78148E+11
,,,93.87941788,3.78148E+11
,,,93.95218295,3.78148E+11
,,,94.02494802,3.78148E+11
,,,94.0977131,2.91349E+11
,,,94.17047817,3.77721E+11
,,,94.24324324,3.82431E+11
,,,94.31600832,1.38287E+11
,,,94.38877339,3.77722E+11
,,,94.46153846,3.48535E+11
,,,94.53430353,3.31457E+11
,,,94.60706861,3.77722E+11
,,,94.67983368,2.80504E+11
,,,94.75259875,3.82429E+11
,,,94.82536383,3.91739E+11
,,,94.8981289,3.77722E+11
,,,94.97089397,3.77722E+11
,,,95.04365904,2.48011E+11
,,,95.11642412,3.63456E+11
,,,95.18918919,3.7772E+11
,,,95.26195426,3.53741E+11
,,,95.33471933,3.40962E+11
,,,95.40748441,3.77722E+11
,,,95.48024948,3.77722E+11
,,,95.55301455,2.02381E+11
,,,95.62577963,3.9173E+11
,,,95.6985447,3.82392E+11
,,,95.77130977,3.77721E+11
,,,95.84407484,2.16163E+11
,,,95.91683992,3.77723E+11
,,,95.98960499,3.82431E+11
,,,96.06237006,4.02506E+11
,,,96.13513514,2.18755E+11
,,,96.20790021,2.88389E+11
,,,96.28066528,3.82431E+11
,,,96.35343035,3.77723E+11
,,,96.42619543,2.02462E+11
,,,96.4989605,3.82431E+11
,,,96.57172557,3.82431E+11
,,,96.64449064,3.91739E+11
,,,96.71725572,1.22989E+11
,,,96.79002079,4.02154E+11
,,,96.86278586,3.82431E+11
,,,96.93555094,3.9177E+11
,,,97.00831601,3.77723E+11
,,,97.08108108,3.91731E+11
,,,97.15384615,3.91739E+11
,,,97.22661123,3.82431E+11
,,,97.2993763,3.82431E+11
,,,97.37214137,1.87985E+11
,,,97.44490644,3.91731E+11
,,,97.51767152,3.39392E+11
,,,97.59043659,3.82431E+11
,,,97.66320166,3.12139E+11
,,,97.73596674,3.82431E+11
,,,97.80873181,4.02166E+11
,,,97.88149688,2.83849E+11
,,,97.95426195,3.91729E+11
,,,98.02702703,3.91729E+11
,,,98.0997921,3.91729E+11
,,,98.17255717,3.45624E+11
,,,98.24532225,4.06265E+11
,,,98.31808732,3.72775E+11
,,,98.39085239,4.02166E+11
,,,98.46361746,3.26068E+11
,,,98.53638254,2.65867E+11
,,,98.60914761,3.91731E+11
,,,98.68191268,4.02166E+11
,,,98.75467775,4.02166E+11
,,,98.82744283,4.02166E+11
,,,98.9002079,2.58627E+11
,,,98.97297297,4.02166E+11
,,,99.04573805,2.00608E+11
,,,99.11850312,2.16309E+11
,,,99.19126819,3.91731E+11
,,,99.26403326,2.85982E+11
,,,99.33679834,3.5944E+11
,,,99.40956341,4.02153E+11
,,,99.48232848,3.82431E+11
,,,99.55509356,3.69503E+11
,,,99.62785863,3.30299E+11
,,,99.7006237,4.02153E+11
,,,99.77338877,4.02153E+11
,,,99.84615385,4.02153E+11
,,,99.91891892,4.02153E+11
,,,99.99168399,1.92362E+11
,,,100.0644491,4.02153E+11
,,,100.1372141,4.02153E+11
,,,100.2099792,4.02153E+11
,,,100.2827443,4.02153E+11
,,,100.3555094,4.02153E+11
,,,100.4282744,4.02153E+11
,,,100.5010395,3.91731E+11
,,,100.5738046,4.02166E+11
,,,100.6465696,4.06265E+11
,,,100.7193347,4.02166E+11
,,,100.7920998,1.44516E+11
,,,100.8648649,2.45098E+11
,,,100.9376299,3.5951E+11
,,,101.010395,2.79454E+11
,,,101.0831601,3.6057E+11
,,,101.1559252,4.02154E+11
,,,101.2286902,4.06265E+11
,,,101.3014553,2.16271E+11
,,,101.3742204,4.02166E+11
,,,101.4469854,2.50305E+11
,,,101.5197505,4.02166E+11
,,,101.5925156,4.02166E+11
,,,101.6652807,4.06265E+11
,,,101.7380457,4.02166E+11
,,,101.8108108,4.02166E+11
,,,101.8835759,4.06265E+11
,,,101.956341,4.06265E+11
,,,102.029106,4.02166E+11
,,,102.1018711,4.06265E+11
,,,102.1746362,4.06265E+11
,,,102.2474012,4.06265E+11
,,,102.3201663,2.79456E+11
,,,102.3929314,4.02154E+11
,,,102.4656965,4.02154E+11
,,,102.5384615,4.02154E+11
,,,102.6112266,4.06265E+11
,,,102.6839917,4.06265E+11
,,,102.7567568,4.02166E+11
,,,102.8295218,3.64545E+11
,,,102.9022869,3.66332E+11
,,,102.975052,3.33163E+11
,,,103.047817,2.27879E+11
,,,103.1205821,4.06266E+11
,,,103.1933472,4.06266E+11
,,,103.2661123,3.71393E+11
,,,103.3388773,3.75425E+11
,,,103.4116424,1.29504E+11
,,,103.4844075,4.06265E+11
,,,103.5571726,4.06265E+11
,,,103.6299376,1.31997E+11
,,,103.7027027,4.06266E+11
,,,103.7754678,4.06266E+11
,,,103.8482328,4.06266E+11
,,,103.9209979,4.06266E+11
,,,103.993763,4.06266E+11
,,,104.0665281,4.06266E+11
,,,104.1392931,3.75425E+11
,,,104.2120582,4.06265E+11
,,,104.2848233,4.06265E+11
,,,104.3575884,4.06265E+11
,,,104.4303534,4.06265E+11
,,,104.5031185,4.06265E+11
,,,104.5758836,4.06265E+11
,,,104.6486486,4.06265E+11
,,,104.7214137,4.06265E+11
,,,104.7941788,3.46447E+11
,,,104.8669439,1.9055E+11
,,,104.9397089,4.06266E+11
,,,105.012474,4.06266E+11
,,,105.0852391,4.06266E+11
,,,105.1580042,4.06266E+11
,,,105.2307692,4.06266E+11
,,,105.3035343,3.77921E+11
,,,105.3762994,4.06265E+11
,,,105.4490644,4.06265E+11
,,,105.5218295,4.06265E+11
,,,105.5945946,4.06265E+11
,,,105.6673597,3.06588E+11
,,,105.7401247,4.06266E+11
,,,105.8128898,4.06266E+11
,,,105.8856549,4.06266E+11
,,,105.95842,4.06266E+11
,,,106.031185,4.06266E+11
,,,106.1039501,4.06266E+11
,,,106.1767152,4.06266E+11
,,,106.2494802,4.06266E+11
,,,106.3222453,4.06266E+11
,,,106.3950104,4.06266E+11
,,,106.4677755,4.06266E+11
,,,106.5405405,4.06266E+11
,,,106.6133056,4.06266E+11
,,,106.6860707,3.51618E+11
,,,106.7588358,4.06266E+11
,,,106.8316008,4.06266E+11
,,,106.9043659,1.7572E+11
,,,106.977131,2.57622E+11
,,,107.049896,4.07423E+11
,,,107.1226611,3.37644E+11
,,,107.1954262,4.06264E+11
,,,107.2681913,4.06264E+11
,,,107.3409563,4.06264E+11
,,,107.4137214,4.06264E+11
,,,107.4864865,4.06264E+11
,,,107.5592516,3.48787E+11
,,,107.6320166,4.06264E+11
,,,107.7047817,4.06264E+11
,,,107.7775468,2.48199E+11
,,,107.8503119,2.55384E+11
,,,107.9230769,1.41595E+11
,,,107.995842,4.06265E+11
,,,108.0686071,2.28546E+11
,,,108.1413721,4.00896E+11
,,,108.2141372,3.1421E+11
,,,108.2869023,2.17014E+11
,,,108.3596674,4.06266E+11
,,,108.4324324,4.06266E+11
,,,108.5051975,4.06266E+11
,,,108.5779626,4.06266E+11
,,,108.6507277,4.06266E+11
,,,108.7234927,4.06266E+11
,,,108.7962578,4.06266E+11
,,,108.8690229,4.06266E+11
,,,108.9417879,4.06266E+11
,,,109.014553,4.06266E+11
,,,109.0873181,4.06266E+11
,,,109.1600832,2.13555E+11
,,,109.2328482,4.06264E+11
,,,109.3056133,3.75397E+11
,,,109.3783784,2.29684E+11
,,,109.4511435,4.06266E+11
,,,109.5239085,4.06266E+11
,,,109.5966736,2.88337E+11
,,,109.6694387,2.10155E+11
,,,109.7422037,3.4192E+11
,,,109.8149688,4.07309E+11
,,,109.8877339,4.07309E+11
,,,109.960499,3.39273E+11
,,,110.033264,4.07309E+11
,,,110.1060291,3.42408E+11
,,,110.1787942,2.69752E+11
,,,110.2515593,4.06263E+11
,,,110.3243243,4.06263E+11
,,,110.3970894,4.06263E+11
,,,110.4698545,4.06263E+11
,,,110.5426195,4.06263E+11
,,,110.6153846,4.06263E+11
,,,110.6881497,4.06263E+11
,,,110.7609148,4.06263E+11
,,,110.8336798,4.06263E+11
,,,110.9064449,3.7622E+11
,,,110.97921,2.70233E+11
,,,111.0519751,2.17912E+11
,,,111.1247401,4.06266E+11
,,,111.1975052,4.06266E+11
,,,111.2702703,2.85311E+11
,,,111.3430353,4.06264E+11
,,,111.4158004,4.06264E+11
,,,111.4885655,3.40746E+11
,,,111.5613306,3.76684E+11
,,,111.6340956,2.7623E+11
,,,111.7068607,4.11578E+11
,,,111.7796258,1.39571E+11
,,,111.8523909,4.06266E+11
,,,111.9251559,4.06266E+11
,,,111.997921,4.06266E+11
,,,112.0706861,2.51077E+11
,,,112.1434511,4.02963E+11
,,,112.2162162,4.06322E+11
,,,112.2889813,3.98927E+11
,,,112.3617464,4.11578E+11
,,,112.4345114,2.12703E+11
,,,112.5072765,1.6045E+11
,,,112.5800416,4.11578E+11
,,,112.6528067,4.06265E+11
,,,112.7255717,4.11578E+11
,,,112.7983368,4.06265E+11
,,,112.8711019,4.06265E+11
,,,112.9438669,3.31468E+11
,,,113.016632,3.93406E+11
,,,113.0893971,4.06265E+11
,,,113.1621622,4.06265E+11
,,,113.2349272,3.57305E+11
,,,113.3076923,2.26335E+11
,,,113.3804574,3.59393E+11
,,,113.4532225,4.11579E+11
,,,113.5259875,4.4781E+11
,,,113.5987526,4.06265E+11
,,,113.6715177,4.11578E+11
,,,113.7442827,4.11578E+11
,,,113.8170478,2.30574E+11
,,,113.8898129,3.73729E+11
,,,113.962578,4.06265E+11
,,,114.035343,2.43647E+11
,,,114.1081081,3.73351E+11
,,,114.1808732,4.11579E+11
,,,114.2536383,4.06265E+11
,,,114.3264033,2.5892E+11
,,,114.3991684,3.13488E+11
,,,114.4719335,4.11577E+11
,,,114.5446985,3.73351E+11
,,,114.6174636,2.73368E+11
,,,114.6902287,4.11577E+11
,,,114.7629938,4.11577E+11
,,,114.8357588,3.19044E+11
,,,114.9085239,4.06265E+11
,,,114.981289,1.44905E+11
,,,115.0540541,2.07602E+11
,,,115.1268191,2.96743E+11
,,,115.1995842,3.60104E+11
,,,115.2723493,4.34929E+11
,,,115.3451143,4.49174E+11
,,,115.4178794,3.73949E+11
,,,115.4906445,4.85615E+11
,,,115.5634096,3.52297E+11
,,,115.6361746,4.2926E+11
,,,115.7089397,2.41189E+11
,,,115.7817048,4.46672E+11
,,,115.8544699,3.60907E+11
,,,115.9272349,4.04947E+11
,,,116,4.69867E+11
,,,116.0790514,1.45729E+11
,,,116.1581028,4.46672E+11
,,,116.2371542,4.10533E+11
,,,116.3162055,4.01954E+11
,,,116.3952569,4.2926E+11
,,,116.4743083,4.04948E+11
,,,116.5533597,4.16779E+11
,,,116.6324111,1.84029E+11
,,,116.7114625,4.46672E+11
,,,116.7905138,4.46672E+11
,,,116.8695652,4.73451E+11
,,,116.9486166,4.70359E+11
,,,117.027668,3.97425E+11
,,,117.1067194,1.44912E+11
,,,117.1857708,3.8802E+11
,,,117.2648221,3.9496E+11
,,,117.3438735,4.69864E+11
,,,117.4229249,4.81817E+11
,,,117.5019763,4.69866E+11
,,,117.5810277,4.01954E+11
,,,117.6600791,4.29176E+11
,,,117.7391304,1.98902E+11
,,,117.8181818,4.46672E+11
,,,117.8972332,4.85615E+11
,,,117.9762846,4.85615E+11
,,,118.055336,4.60925E+11
,,,118.1343874,4.69866E+11
,,,118.2134387,4.46204E+11
,,,118.2924901,4.85615E+11
,,,118.3715415,4.72324E+11
,,,118.4505929,4.81816E+11
,,,118.5296443,3.1321E+11
,,,118.6086957,2.5189E+11
,,,118.687747,4.86827E+11
,,,118.7667984,4.86827E+11
,,,118.8458498,4.86827E+11
,,,118.9249012,4.82323E+11
,,,119.0039526,4.12377E+11
,,,119.083004,1.23456E+11
,,,119.1620553,2.10553E+11
,,,119.2411067,4.81818E+11
,,,119.3201581,4.81818E+11
,,,119.3992095,4.86317E+11
,,,119.4782609,3.54654E+11
,,,119.5573123,4.81818E+11
,,,119.6363636,4.86317E+11
,,,119.715415,1.70485E+11
,,,119.7944664,4.85616E+11
,,,119.8735178,4.85616E+11
,,,119.9525692,1.05546E+11
,,,120.0316206,4.81818E+11
,,,120.1106719,4.86316E+11
,,,120.1897233,4.86316E+11
,,,120.2687747,4.86316E+11
,,,120.3478261,4.86316E+11
,,,120.4268775,4.86316E+11
,,,120.5059289,3.0568E+11
,,,120.5849802,4.85615E+11
,,,120.6640316,4.85615E+11
,,,120.743083,4.85615E+11
,,,120.8221344,4.85615E+11
,,,120.9011858,4.85615E+11
,,,120.9802372,4.85615E+11
,,,121.0592885,4.81123E+11
,,,121.1383399,4.85615E+11
,,,121.2173913,4.85615E+11
,,,121.2964427,4.85615E+11
,,,121.3754941,4.85615E+11
,,,121.4545455,4.85615E+11
,,,121.5335968,4.85615E+11
,,,121.6126482,4.85615E+11
,,,121.6916996,4.85615E+11
,,,121.770751,4.85615E+11
,,,121.8498024,4.85615E+11
,,,121.9288538,1.96297E+11
,,,122.0079051,4.85618E+11
,,,122.0869565,4.85618E+11
,,,122.1660079,4.85618E+11
,,,122.2450593,3.74306E+11
,,,122.3241107,4.85615E+11
,,,122.4031621,4.85615E+11
,,,122.4822134,4.85615E+11
,,,122.5612648,4.85615E+11
,,,122.6403162,4.85615E+11
,,,122.7193676,2.07795E+11
,,,122.798419,4.85618E+11
,,,122.8774704,4.37283E+11
,,,122.9565217,4.85616E+11
,,,123.0355731,3.96684E+11
,,,123.1146245,4.85615E+11
,,,123.1936759,4.85615E+11
,,,123.2727273,4.85615E+11
,,,123.3517787,4.85615E+11
,,,123.43083,1.85073E+11
,,,123.5098814,2.53816E+11
,,,123.5889328,3.13236E+11
,,,123.6679842,4.85615E+11
,,,123.7470356,4.85615E+11
,,,123.826087,2.76643E+11
,,,123.9051383,3.79539E+11
,,,123.9841897,1.98762E+11
,,,124.0632411,4.85616E+11
,,,124.1422925,3.44198E+11
,,,124.2213439,4.85615E+11
,,,124.3003953,1.48876E+11
,,,124.3794466,1.86733E+11
,,,124.458498,4.85618E+11
,,,124.5375494,1.31416E+11
,,,124.6166008,2.91048E+11
,,,124.6956522,4.85617E+11
,,,124.7747036,4.85617E+11
,,,124.8537549,2.16114E+11
,,,124.9328063,4.85618E+11
,,,125.0118577,2.37866E+11
,,,125.0909091,4.00314E+11
,,,125.1699605,2.2355E+11
,,,125.2490119,4.85615E+11
,,,125.3280632,4.85615E+11
,,,125.4071146,4.85615E+11
,,,125.486166,1.73743E+11
,,,125.5652174,4.85617E+11
,,,125.6442688,4.85617E+11
,,,125.7233202,2.82099E+11
,,,125.8023715,4.85615E+11
,,,125.8814229,3.617E+11
,,,125.9604743,2.78097E+11
,,,126.0395257,4.85615E+11
,,,126.1185771,4.85615E+11
,,,126.1976285,4.85615E+11
,,,126.2766798,3.0453E+11
,,,126.3557312,3.81214E+11
,,,126.4347826,4.86117E+11
,,,126.513834,2.07809E+11
,,,126.5928854,3.57601E+11
,,,126.6719368,4.85615E+11
,,,126.7509881,3.59917E+11
,,,126.8300395,1.77365E+11
,,,126.9090909,4.85618E+11
,,,126.9881423,4.85618E+11
,,,127.0671937,4.85618E+11
,,,127.1462451,4.85618E+11
,,,127.2252964,4.85618E+11
,,,127.3043478,4.85618E+11
,,,127.3833992,3.23966E+11
,,,127.4624506,3.9729E+11
,,,127.541502,4.85616E+11
,,,127.6205534,4.85616E+11
,,,127.6996047,4.85616E+11
,,,127.7786561,4.85616E+11
,,,127.8577075,4.85616E+11
,,,127.9367589,4.85616E+11
,,,128.0158103,4.85616E+11
,,,128.0948617,4.85616E+11
,,,128.173913,4.85616E+11
,,,128.2529644,4.85616E+11
,,,128.3320158,4.85616E+11
,,,128.4110672,4.85616E+11
,,,128.4901186,4.85616E+11
,,,128.56917,4.85616E+11
,,,128.6482213,4.85616E+11
,,,128.7272727,1.49566E+11
,,,128.8063241,2.23421E+11
,,,128.8853755,4.85615E+11
,,,128.9644269,4.85615E+11
,,,129.0434783,4.40861E+11
,,,129.1225296,4.85615E+11
,,,129.201581,4.85615E+11
,,,129.2806324,4.85615E+11
,,,129.3596838,4.85615E+11
,,,129.4387352,4.85615E+11
,,,129.5177866,2.61081E+11
,,,129.5968379,4.85618E+11
,,,129.6758893,3.00466E+11
,,,129.7549407,4.85615E+11
,,,129.8339921,4.85615E+11
,,,129.9130435,3.17311E+11
,,,129.9920949,4.85618E+11
,,,130.0711462,4.85618E+11
,,,130.1501976,4.32322E+11
,,,130.229249,4.85615E+11
,,,130.3083004,4.85615E+11
,,,130.3873518,2.02762E+11
,,,130.4664032,4.85617E+11
,,,130.5454545,4.85617E+11
,,,130.6245059,4.85617E+11
,,,130.7035573,4.85617E+11
,,,130.7826087,4.85617E+11
,,,130.8616601,4.73284E+11
,,,130.9407115,4.85615E+11
,,,131.0197628,4.85615E+11
,,,131.0988142,4.85615E+11
,,,131.1778656,1.35918E+11
,,,131.256917,4.85618E+11
,,,131.3359684,3.81145E+11
,,,131.4150198,4.85615E+11
,,,131.4940711,4.85615E+11
,,,131.5731225,4.85615E+11
,,,131.6521739,4.85615E+11
,,,131.7312253,2.09238E+11
,,,131.8102767,2.29218E+11
,,,131.8893281,3.76196E+11
,,,131.9683794,4.85618E+11
,,,132.0474308,2.18837E+11
,,,132.1264822,4.3259E+11
,,,132.2055336,3.15389E+11
,,,132.284585,3.12094E+11
,,,132.3636364,2.8293E+11
,,,132.4426877,4.85615E+11
,,,132.5217391,4.85615E+11
,,,132.6007905,4.68159E+11
,,,132.6798419,5.20849E+11
,,,132.7588933,2.01919E+11
,,,132.8379447,4.19615E+11
,,,132.916996,4.11633E+11
,,,132.9960474,1.83214E+11
,,,133.0750988,4.85618E+11
,,,133.1541502,4.85618E+11
,,,133.2332016,4.85618E+11
,,,133.312253,2.23211E+11
,,,133.3913043,2.93445E+11
,,,133.4703557,4.68758E+11
,,,133.5494071,4.86237E+11
,,,133.6284585,4.30319E+11
,,,133.7075099,5.20849E+11
,,,133.7865613,4.69521E+11
,,,133.8656126,4.87028E+11
,,,133.944664,3.69361E+11
,,,134.0237154,1.59138E+11
,,,134.1027668,4.85618E+11
,,,134.1818182,4.6232E+11
,,,134.2608696,4.85618E+11
,,,134.3399209,2.25384E+11
,,,134.4189723,4.85618E+11
,,,134.4980237,1.62731E+11
,,,134.5770751,4.85618E+11
,,,134.6561265,1.38151E+11
,,,134.7351779,5.20852E+11
,,,134.8142292,5.20852E+11
,,,134.8932806,4.69521E+11
,,,134.972332,3.54041E+11
,,,135.0513834,1.36771E+11
,,,135.1304348,4.85618E+11
,,,135.2094862,5.20849E+11
,,,135.2885375,4.85615E+11
,,,135.3675889,5.20849E+11
,,,135.4466403,5.20849E+11
,,,135.5256917,3.45019E+11
,,,135.6047431,2.62944E+11
,,,135.6837945,5.38934E+11
,,,135.7628458,5.20849E+11
,,,135.8418972,2.23311E+11
,,,135.9209486,2.206E+11
,,,136,5.20853E+11
,,,136.1,4.2196E+11
,,,136.2,5.20849E+11
,,,136.3,2.28549E+11
,,,136.4,1.36207E+11
,,,136.5,1.91275E+11
,,,136.6,2.58105E+11
,,,136.7,1.85727E+11
,,,136.8,5.20852E+11
,,,136.9,4.60585E+11
,,,137,2.35212E+11
,,,137.1,1.7659E+11
,,,137.2,5.20853E+11
,,,137.3,3.94206E+11
,,,137.4,2.52397E+11
,,,137.5,5.20853E+11
,,,137.6,5.16561E+11
,,,137.7,2.85198E+11
,,,137.8,5.20853E+11
,,,137.9,5.20853E+11
,,,138,5.20853E+11
,,,138.1,5.20853E+11
,,,138.2,5.20853E+11
,,,138.3,3.45711E+11
,,,138.4,3.39988E+11
,,,138.5,5.38931E+11
,,,138.6,5.20849E+11
,,,138.7,4.66399E+11
,,,138.8,4.95234E+11
,,,138.9,2.56484E+11
,,,139,5.38934E+11
,,,139.1,2.51501E+11
,,,139.2,3.55251E+11
,,,139.3,5.38934E+11
,,,139.4,5.38934E+11
,,,139.5,3.52399E+11
,,,139.6,3.55249E+11
,,,139.7,4.95237E+11
,,,139.8,5.37695E+11
,,,139.9,5.37695E+11
,,,140,3.59101E+11
,,,140.1,5.38933E+11
,,,140.2,5.38933E+11
,,,140.3,4.84088E+11
,,,140.4,5.2085E+11
,,,140.5,4.75057E+11
,,,140.6,2.66108E+11
,,,140.7,4.57738E+11
,,,140.8,2.33909E+11
,,,140.9,5.37293E+11
,,,141,5.37293E+11
,,,141.1,5.37293E+11
,,,141.2,1.63655E+11
,,,141.3,3.43928E+11
,,,141.4,5.38931E+11
,,,141.5,5.38931E+11
,,,141.6,1.57788E+11
,,,141.7,5.38934E+11
,,,141.8,5.38934E+11
,,,141.9,5.38934E+11
,,,142,5.16558E+11
,,,142.1,1.78381E+11
,,,142.2,4.73504E+11
,,,142.3,5.40448E+11
,,,142.4,1.11487E+11
,,,142.5,4.84222E+11
,,,142.6,2.3544E+11
,,,142.7,5.38934E+11
,,,142.8,5.38934E+11
,,,142.9,3.49859E+11
,,,143,5.38934E+11
,,,143.1,2.15612E+11
,,,143.2,3.43929E+11
,,,143.3,1.72516E+11
,,,143.4,2.22386E+11
,,,143.5,1.60572E+11
,,,143.6,5.3893E+11
,,,143.7,5.3893E+11
,,,143.8,3.88625E+11
,,,143.9,5.38931E+11
,,,144,4.26369E+11
,,,144.1,3.82301E+11
,,,144.2,5.38931E+11
,,,144.3,5.38931E+11
,,,144.4,5.38931E+11
,,,144.5,5.38931E+11
,,,144.6,5.38931E+11
,,,144.7,5.38931E+11
,,,144.8,5.38931E+11
,,,144.9,5.38931E+11
,,,145,5.38931E+11
,,,145.1,5.38931E+11
,,,145.2,5.38931E+11
,,,145.3,5.38931E+11
,,,145.4,1.60149E+11
,,,145.5,5.38933E+11
,,,145.6,1.98849E+11
,,,145.7,2.79066E+11
,,,145.8,3.85639E+11
,,,145.9,2.93802E+11
,,,146,1.64353E+11
,,,146.1,5.38934E+11
,,,146.2,2.17107E+11
,,,146.3,3.18749E+11
,,,146.4,2.02498E+11
,,,146.5,5.38932E+11
,,,146.6,5.38932E+11
,,,146.7,2.74721E+11
,,,146.8,2.79069E+11
,,,146.9,5.38934E+11
,,,147,5.38934E+11
,,,147.1,2.02497E+11
,,,147.2,3.76668E+11
,,,147.3,3.89658E+11
,,,147.4,5.3893E+11
,,,147.5,5.3893E+11
,,,147.6,2.70507E+11
,,,147.7,2.43347E+11
,,,147.8,1.00773E+11
,,,147.9,2.90919E+11
,,,148,1.34281E+11
,,,148.1,3.89662E+11
,,,148.2,2.79067E+11
,,,148.3,5.38934E+11
,,,148.4,1.40976E+11
,,,148.5,4.82784E+11
,,,148.6,1.40008E+11
,,,148.7,5.38933E+11
,,,148.8,5.38933E+11
,,,148.9,5.38933E+11
,,,149,5.38933E+11
,,,149.1,5.38933E+11
,,,149.2,5.38933E+11
,,,149.3,1.90331E+11
,,,149.4,4.64662E+11
,,,149.5,3.78866E+11
,,,149.6,4.24487E+11
,,,149.7,4.48386E+11
,,,149.8,3.69315E+11
,,,149.9,5.38931E+11
,,,150,4.57735E+11
,,,150.1,2.6146E+11
,,,150.2,5.38933E+11
,,,150.3,5.38933E+11
,,,150.4,5.38933E+11
,,,150.5,5.38933E+11
,,,150.6,1.06417E+11
,,,150.7,4.64663E+11
,,,150.8,5.3893E+11
,,,150.9,3.67609E+11
,,,151,4.48385E+11
,,,151.1,2.6146E+11
,,,151.2,5.38933E+11
,,,151.3,5.38933E+11
,,,151.4,5.38933E+11
,,,151.5,5.38933E+11
,,,151.6,2.6146E+11
,,,151.7,5.38933E+11
,,,151.8,5.38933E+11
,,,151.9,5.38933E+11
,,,152,5.38933E+11
,,,152.1,5.38933E+11
,,,152.2,5.25468E+11
,,,152.3,5.38933E+11
,,,152.4,5.19715E+11
,,,152.5,5.38933E+11
,,,152.6,4.54886E+11
,,,152.7,2.42199E+11
,,,152.8,5.38934E+11
,,,152.9,5.38934E+11
,,,153,5.38934E+11
,,,153.1,5.38934E+11
,,,153.2,5.38934E+11
,,,153.3,1.6478E+11
,,,153.4,5.38933E+11
,,,153.5,5.38933E+11
,,,153.6,5.38933E+11
,,,153.7,5.38933E+11
,,,153.8,5.38933E+11
,,,153.9,5.38933E+11
,,,154,5.38933E+11
,,,154.1,4.13929E+11
,,,154.2,5.38933E+11
,,,154.3,5.38933E+11
,,,154.4,5.38933E+11
,,,154.5,5.38933E+11
,,,154.6,5.38933E+11
,,,154.7,5.38933E+11
,,,154.8,5.38933E+11
,,,154.9,5.38933E+11
,,,155,5.38933E+11
,,,155.1,5.38933E+11
,,,155.2,5.38933E+11
,,,155.3,1.90398E+11
,,,155.4,5.38933E+11
,,,155.5,5.38933E+11
,,,155.6,5.38933E+11
,,,155.7,5.38933E+11
,,,155.8,5.38933E+11
,,,155.9,5.38933E+11
,,,156,5.38933E+11
,,,156.1,5.38933E+11
,,,156.2,1.065E+11
,,,156.3,2.77894E+11
,,,156.4,2.73343E+11
,,,156.5,4.62269E+11
,,,156.6,5.38931E+11
,,,156.7,2.26252E+11
,,,156.8,2.75639E+11
,,,156.9,2.73775E+11
,,,157,5.38933E+11
,,,157.1,4.44944E+11
,,,157.2,4.08161E+11
,,,157.3,2.95766E+11
,,,157.4,1.95654E+11
,,,157.5,5.38933E+11
,,,157.6,5.38933E+11
,,,157.7,5.38933E+11
,,,157.8,5.38933E+11
,,,157.9,5.38933E+11
,,,158,1.57686E+11
,,,158.1,4.93386E+11
,,,158.2,1.70614E+11
,,,158.3,2.09561E+11
,,,158.4,5.23104E+11
,,,158.5,4.73364E+11
,,,158.6,5.40052E+11
,,,158.7,2.68787E+11
,,,158.8,5.15864E+11
,,,158.9,2.82225E+11
,,,159,5.23104E+11
,,,159.1,4.6691E+11
,,,159.2,1.99562E+11
,,,159.3,5.3893E+11
,,,159.4,3.45204E+11
,,,159.5,3.30076E+11
,,,159.6,2.3909E+11
,,,159.7,5.38932E+11
,,,159.8,2.67876E+11
,,,159.9,2.48922E+11
,,,160,4.04012E+11
,,,160.1,4.6775E+11
,,,160.2,4.83845E+11
,,,160.3,3.81815E+11
,,,160.4,3.79603E+11
,,,160.5,4.68163E+11
,,,160.6,2.41939E+11
,,,160.7,1.75288E+11
,,,160.8,5.38932E+11
,,,160.9,5.38932E+11
,,,161,4.78172E+11
,,,161.1,5.3893E+11
,,,161.2,2.48522E+11
,,,161.3,1.60945E+11
,,,161.4,3.25674E+11
,,,161.5,4.05752E+11
,,,161.6,1.98362E+11
,,,161.7,4.32412E+11
,,,161.8,2.48522E+11
,,,161.9,3.04952E+11
,,,162,4.06277E+11
,,,162.1,5.3893E+11
,,,162.2,1.06771E+11
,,,162.3,5.38934E+11
,,,162.4,5.38934E+11
,,,162.5,5.38934E+11
,,,162.6,4.05752E+11
,,,162.7,4.05752E+11
,,,162.8,2.48522E+11
,,,162.9,3.67061E+11
,,,163,1.80085E+11
,,,163.1,1.21774E+11
,,,163.2,3.67654E+11
,,,163.3,2.7004E+11
,,,163.4,5.38933E+11
,,,163.5,5.38933E+11
,,,163.6,5.38933E+11
,,,163.7,5.38933E+11
,,,163.8,4.44798E+11
,,,163.9,4.06274E+11
,,,164,5.3893E+11
,,,164.1,5.3893E+11
,,,164.2,5.3893E+11
,,,164.3,5.3893E+11
,,,164.4,4.06274E+11
,,,164.5,5.3893E+11
,,,164.6,3.74345E+11
,,,164.7,5.3893E+11
,,,164.8,5.3893E+11
,,,164.9,3.69578E+11
,,,165,6.06609E+11
,,,165.1,5.37305E+11
,,,165.2,5.37305E+11
,,,165.3,5.37305E+11
,,,165.4,5.37305E+11
,,,165.5,2.87221E+11
,,,165.6,2.21397E+11
,,,165.7,4.86235E+11
,,,165.8,1.23145E+11
,,,165.9,4.32899E+11
,,,166,6.06606E+11
,,,166.1527778,6.06606E+11
,,,166.3055556,5.37303E+11
,,,166.4583333,4.62007E+11
,,,166.6111111,3.68968E+11
,,,166.7638889,3.74974E+11
,,,166.9166667,2.41643E+11
,,,167.0694444,6.06609E+11
,,,167.2222222,5.37306E+11
,,,167.375,2.89381E+11
,,,167.5277778,6.06715E+11
,,,167.6805556,6.06715E+11
,,,167.8333333,6.06715E+11
,,,167.9861111,3.60335E+11
,,,168.1388889,5.83561E+11
,,,168.2916667,1.80906E+11
,,,168.4444444,6.06609E+11
,,,168.5972222,4.06257E+11
,,,168.75,1.92951E+11
,,,168.9027778,4.06257E+11
,,,169.0555556,2.71965E+11
,,,169.2083333,6.06608E+11
,,,169.3611111,4.06257E+11
,,,169.5138889,1.68212E+11
,,,169.6666667,2.31224E+11
,,,169.8194444,5.58494E+11
,,,169.9722222,3.57173E+11
,,,170.125,1.3394E+11
,,,170.2777778,2.28622E+11
,,,170.4305556,6.06609E+11
,,,170.5833333,1.90453E+11
,,,170.7361111,6.06608E+11
,,,170.8888889,4.49506E+11
,,,171.0416667,6.06608E+11
,,,171.1944444,6.06608E+11
,,,171.3472222,1.28866E+11
,,,171.5,6.06609E+11
,,,171.6527778,6.06609E+11
,,,171.8055556,4.49506E+11
,,,171.9583333,2.68304E+11
,,,172.1111111,6.06606E+11
,,,172.2638889,6.06606E+11
,,,172.4166667,6.06606E+11
,,,172.5694444,6.06606E+11
,,,172.7222222,6.06606E+11
,,,172.875,6.06606E+11
,,,173.0277778,1.47347E+11
,,,173.1805556,6.06609E+11
,,,173.3333333,1.65213E+11
,,,173.4861111,3.79493E+11
,,,173.6388889,6.06608E+11
,,,173.7916667,6.06608E+11
,,,173.9444444,3.32383E+11
,,,174.0972222,6.06609E+11
,,,174.25,6.06609E+11
,,,174.4027778,3.62658E+11
,,,174.5555556,4.89948E+11
,,,174.7083333,3.58651E+11
,,,174.8611111,2.53679E+11
,,,175.0138889,6.06606E+11
,,,175.1666667,6.06606E+11
,,,175.3194444,2.97351E+11
,,,175.4722222,6.06609E+11
,,,175.625,6.06609E+11
,,,175.7777778,6.06609E+11
,,,175.9305556,6.06609E+11
,,,176.0833333,1.57268E+11
,,,176.2361111,6.06609E+11
,,,176.3888889,6.06609E+11
,,,176.5416667,6.06609E+11
,,,176.6944444,4.94844E+11
,,,176.8472222,1.8816E+11
,,,177,3.75044E+11
,,,177.1527778,6.06607E+11
,,,177.3055556,4.89949E+11
,,,177.4583333,1.61721E+11
,,,177.6111111,4.75108E+11
,,,177.7638889,6.08428E+11
,,,177.9166667,3.24169E+11
,,,178.0694444,1.63178E+11
,,,178.2222222,6.06608E+11
,,,178.375,6.06608E+11
,,,178.5277778,6.06608E+11
,,,178.6805556,6.06608E+11
,,,178.8333333,6.06608E+11
,,,178.9861111,5.6925E+11
,,,179.1388889,2.60458E+11
,,,179.2916667,4.94462E+11
,,,179.4444444,1.81886E+11
,,,179.5972222,6.06608E+11
,,,179.75,6.06608E+11
,,,179.9027778,6.06608E+11
,,,180.0555556,6.06608E+11
,,,180.2083333,3.28711E+11
,,,180.3611111,6.06608E+11
,,,180.5138889,6.06608E+11
,,,180.6666667,6.06608E+11
,,,180.8194444,3.82975E+11
,,,180.9722222,5.14408E+11
,,,181.125,2.26904E+11
,,,181.2777778,6.06609E+11
,,,181.4305556,6.06609E+11
,,,181.5833333,66818138431
,,,181.7361111,6.06609E+11
,,,181.8888889,3.58786E+11
,,,182.0416667,2.99045E+11
,,,182.1944444,6.06609E+11
,,,182.3472222,6.06609E+11
,,,182.5,6.06609E+11
,,,182.6527778,6.06609E+11
,,,182.8055556,6.06609E+11
,,,182.9583333,4.32765E+11
,,,183.1111111,3.42262E+11
,,,183.2638889,6.06608E+11
,,,183.4166667,6.06608E+11
,,,183.5694444,6.06608E+11
,,,183.7222222,6.06608E+11
,,,183.875,6.06609E+11
,,,184.0277778,6.06609E+11
,,,184.1805556,6.06609E+11
,,,184.3333333,6.06609E+11
,,,184.4861111,6.06609E+11
,,,184.6388889,6.06609E+11
,,,184.7916667,6.06609E+11
,,,184.9444444,5.20213E+11
,,,185.0972222,2.10342E+11
,,,185.25,2.29135E+11
,,,185.4027778,6.06609E+11
,,,185.5555556,6.06609E+11
,,,185.7083333,1.80414E+11
,,,185.8611111,5.20151E+11
,,,186.0138889,3.12805E+11
,,,186.1666667,6.06608E+11
,,,186.3194444,3.49758E+11
,,,186.4722222,6.06609E+11
,,,186.625,6.06609E+11
,,,186.7777778,6.06609E+11
,,,186.9305556,6.06609E+11
,,,187.0833333,6.06609E+11
,,,187.2361111,6.06609E+11
,,,187.3888889,2.35572E+11
,,,187.5416667,5.0607E+11
,,,187.6944444,3.49756E+11
,,,187.8472222,1.67028E+11
,,,188,6.53528E+11
,,,188.1671159,2.35572E+11
,,,188.3342318,6.06608E+11
,,,188.5013477,4.37445E+11
,,,188.6684636,3.26418E+11
,,,188.8355795,3.31852E+11
,,,189.0026954,3.49756E+11
,,,189.1698113,6.06609E+11
,,,189.3369272,6.06609E+11
,,,189.5040431,1.82097E+11
,,,189.671159,1.98541E+11
,,,189.8382749,3.60236E+11
,,,190.0053908,2.28468E+11
,,,190.1725067,6.53528E+11
,,,190.3396226,2.13719E+11
,,,190.5067385,6.06609E+11
,,,190.6738544,1.70155E+11
,,,190.8409704,6.06609E+11
,,,191.0080863,6.54485E+11
,,,191.1752022,4.27265E+11
,,,191.3423181,2.19021E+11
,,,191.509434,5.03832E+11
,,,191.6765499,3.60237E+11
,,,191.8436658,6.53528E+11
,,,192.0107817,6.53528E+11
,,,192.1778976,6.53528E+11
,,,192.3450135,6.53528E+11
,,,192.5121294,6.05722E+11
,,,192.6792453,1.86674E+11
,,,192.8463612,6.03725E+11
,,,193.0134771,2.5101E+11
,,,193.180593,5.27609E+11
,,,193.3477089,1.62966E+11
,,,193.5148248,4.27267E+11
,,,193.6819407,6.53527E+11
,,,193.8490566,5.27608E+11
,,,194.0161725,2.01114E+11
,,,194.1832884,6.53528E+11
,,,194.3504043,2.20976E+11
,,,194.5175202,1.92274E+11
,,,194.6846361,6.53528E+11
,,,194.851752,6.53528E+11
,,,195.0188679,6.44723E+11
,,,195.1859838,2.20977E+11
,,,195.3530997,4.00681E+11
,,,195.5202156,4.27265E+11
,,,195.6873315,3.15177E+11
,,,195.8544474,6.53528E+11
,,,196.0215633,6.53528E+11
,,,196.1886792,6.53528E+11
,,,196.3557951,2.65842E+11
,,,196.5229111,6.53528E+11
,,,196.690027,1.98835E+11
,,,196.8571429,6.53528E+11
,,,197.0242588,2.52019E+11
,,,197.1913747,4.85188E+11
,,,197.3584906,2.04655E+11
,,,197.5256065,4.55316E+11
,,,197.6927224,6.53527E+11
,,,197.8598383,6.53527E+11
,,,198.0269542,6.53527E+11
,,,198.1940701,6.53527E+11
,,,198.361186,6.53527E+11
,,,198.5283019,6.53527E+11
,,,198.6954178,6.53527E+11
,,,198.8625337,6.53527E+11
,,,199.0296496,6.53527E+11
,,,199.1967655,6.53527E+11
,,,199.3638814,6.53527E+11
,,,199.5309973,6.53527E+11
,,,199.6981132,6.53527E+11
,,,199.8652291,6.53527E+11
,,,200.032345,6.53527E+11
,,,200.1994609,6.53527E+11
,,,200.3665768,6.53527E+11
,,,200.5336927,6.53527E+11
,,,200.7008086,4.55314E+11
,,,200.8679245,6.53527E+11
,,,201.0350404,1.15978E+11
,,,201.2021563,6.53529E+11
,,,201.3692722,4.5835E+11
,,,201.5363881,6.53528E+11
,,,201.703504,6.53528E+11
,,,201.8706199,6.53528E+11
,,,202.0377358,3.06422E+11
,,,202.2048518,5.43424E+11
,,,202.3719677,6.55484E+11
,,,202.5390836,1.63335E+11
,,,202.7061995,2.83725E+11
,,,202.8733154,2.62684E+11
,,,203.0404313,5.52007E+11
,,,203.2075472,2.70186E+11
,,,203.3746631,1.78637E+11
,,,203.541779,3.68717E+11
,,,203.7088949,3.73027E+11
,,,203.8760108,2.01873E+11
,,,204.0431267,3.80074E+11
,,,204.2102426,4.01755E+11
,,,204.3773585,6.23998E+11
,,,204.5444744,2.75213E+11
,,,204.7115903,2.24947E+11
,,,204.8787062,6.53528E+11
,,,205.0458221,3.80074E+11
,,,205.212938,2.06071E+11
,,,205.3800539,3.89722E+11
,,,205.5471698,1.33852E+11
,,,205.7142857,3.12747E+11
,,,205.8814016,2.42409E+11
,,,206.0485175,2.0607E+11
,,,206.2156334,5.25205E+11
,,,206.3827493,3.68717E+11
,,,206.5498652,80786334759
,,,206.7169811,6.53528E+11
,,,206.884097,1.98759E+11
,,,207.0512129,2.49006E+11
,,,207.2183288,3.68714E+11
,,,207.3854447,2.64383E+11
,,,207.5525606,1.25688E+11
,,,207.7196766,4.83011E+11
,,,207.8867925,4.32697E+11
,,,208.0539084,2.72471E+11
,,,208.2210243,3.26987E+11
,,,208.3881402,3.68717E+11
,,,208.5552561,1.939E+11
,,,208.722372,1.39429E+11
,,,208.8894879,3.77218E+11
,,,209.0566038,3.68717E+11
,,,209.2237197,3.46722E+11
,,,209.3908356,3.17706E+11
,,,209.5579515,6.19919E+11
,,,209.7250674,70132214449
,,,209.8921833,6.53528E+11
,,,210.0592992,6.53528E+11
,,,210.2264151,6.53528E+11
,,,210.393531,2.05343E+11
,,,210.5606469,6.53529E+11
,,,210.7277628,6.53529E+11
,,,210.8948787,6.53529E+11
,,,211.0619946,1.21126E+11
,,,211.2291105,83769476706
,,,211.3962264,3.53742E+11
,,,211.5633423,6.45569E+11
,,,211.7304582,1.2787E+11
,,,211.8975741,6.53528E+11
,,,212.06469,1.12007E+11
,,,212.2318059,6.53528E+11
,,,212.3989218,6.53528E+11
,,,212.5660377,2.54807E+11
,,,212.7331536,6.53528E+11
,,,212.9002695,2.06363E+11
,,,213.0673854,3.53742E+11
,,,213.2345013,6.53528E+11
,,,213.4016173,6.53528E+11
,,,213.5687332,6.53528E+11
,,,213.7358491,2.68558E+11
,,,213.902965,1.37238E+11
,,,214.0700809,6.53528E+11
,,,214.2371968,6.53528E+11
,,,214.4043127,6.53528E+11
,,,214.5714286,6.53528E+11
,,,214.7385445,6.53528E+11
,,,214.9056604,6.53528E+11
,,,215.0727763,6.53528E+11
,,,215.2398922,6.53528E+11
,,,215.4070081,3.26733E+11
,,,215.574124,6.53528E+11
,,,215.7412399,6.53528E+11
,,,215.9083558,6.53528E+11
,,,216.0754717,6.53528E+11
,,,216.2425876,6.53528E+11
,,,216.4097035,6.53528E+11
,,,216.5768194,6.53528E+11
,,,216.7439353,6.53528E+11
,,,216.9110512,6.53528E+11
,,,217.0781671,3.22245E+11
,,,217.245283,6.53528E+11
,,,217.4123989,1.86173E+11
,,,217.5795148,6.53527E+11
,,,217.7466307,6.53527E+11
,,,217.9137466,1.39187E+11
,,,218.0808625,6.53528E+11
,,,218.2479784,4.98105E+11
,,,218.4150943,5.10697E+11
,,,218.5822102,2.14814E+11
,,,218.7493261,6.53528E+11
,,,218.9164421,6.53528E+11
,,,219.083558,6.53528E+11
,,,219.2506739,3.17335E+11
,,,219.4177898,3.33655E+11
,,,219.5849057,5.78648E+11
,,,219.7520216,2.75031E+11
,,,219.9191375,6.53172E+11
,,,220.0862534,6.53528E+11
,,,220.2533693,6.53528E+11
,,,220.4204852,1.66939E+11
,,,220.5876011,6.53528E+11
,,,220.754717,6.53528E+11
,,,220.9218329,6.53528E+11
,,,221.0889488,6.53528E+11
,,,221.2560647,6.53528E+11
,,,221.4231806,6.53528E+11
,,,221.5902965,1.78208E+11
,,,221.7574124,6.53528E+11
,,,221.9245283,6.53528E+11
,,,222.0916442,6.53528E+11
,,,222.2587601,5.46326E+11
,,,222.425876,1.89903E+11
,,,222.5929919,5.07836E+11
,,,222.7601078,4.82979E+11
,,,222.9272237,2.65086E+11
,,,223.0943396,1.23687E+11
,,,223.2614555,2.02074E+11
,,,223.4285714,6.53528E+11
,,,223.5956873,3.06021E+11
,,,223.7628032,2.36553E+11
,,,223.9299191,6.53529E+11
,,,224.097035,4.24335E+11
,,,224.2641509,2.26794E+11
,,,224.4312668,2.76771E+11
,,,224.5983828,6.53529E+11
,,,224.7654987,6.53529E+11
,,,224.9326146,1.51212E+11
,,,225.0997305,3.28003E+11
,,,225.2668464,6.53528E+11
,,,225.4339623,2.0087E+11
,,,225.6010782,6.53528E+11
,,,225.7681941,2.92712E+11
,,,225.93531,2.44485E+11
,,,226.1024259,5.29787E+11
,,,226.2695418,6.53528E+11
,,,226.4366577,5.58621E+11
,,,226.6037736,6.53528E+11
,,,226.7708895,4.82979E+11
,,,226.9380054,1.78795E+11
,,,227.1051213,4.98094E+11
,,,227.2722372,2.74007E+11
,,,227.4393531,2.26621E+11
,,,227.606469,4.85345E+11
,,,227.7735849,2.11249E+11
,,,227.9407008,5.30429E+11
,,,228.1078167,6.53528E+11
,,,228.2749326,6.53528E+11
,,,228.4420485,4.47746E+11
,,,228.6091644,1.97302E+11
,,,228.7762803,3.26236E+11
,,,228.9433962,6.26801E+11
,,,229.1105121,2.03737E+11
,,,229.277628,6.53528E+11
,,,229.4447439,4.1248E+11
,,,229.6118598,3.58268E+11
,,,229.7789757,6.16786E+11
,,,229.9460916,1.19973E+11
,,,230.1132075,2.78003E+11
,,,230.2803235,2.79681E+11
,,,230.4474394,4.92278E+11
,,,230.6145553,3.79208E+11
,,,230.7816712,6.53528E+11
,,,230.9487871,2.59185E+11
,,,231.115903,5.50344E+11
,,,231.2830189,2.66797E+11
,,,231.4501348,1.34145E+11
,,,231.6172507,6.53528E+11
,,,231.7843666,3.11539E+11
,,,231.9514825,3.82046E+11
,,,232.1185984,1.6602E+11
,,,232.2857143,2.93595E+11
,,,232.4528302,3.69648E+11
,,,232.6199461,3.82046E+11
,,,232.787062,2.71682E+11
,,,232.9541779,1.33295E+11
,,,233.1212938,6.53528E+11
,,,233.2884097,4.26556E+11
,,,233.4555256,1.60941E+11
,,,233.6226415,5.416E+11
,,,233.7897574,3.59707E+11
,,,233.9568733,6.53528E+11
,,,234.1239892,2.14838E+11
,,,234.2911051,6.53528E+11
,,,234.458221,3.59705E+11
,,,234.6253369,3.45337E+11
,,,234.7924528,6.53528E+11
,,,234.9595687,6.53528E+11
,,,235.1266846,2.51606E+11
,,,235.2938005,6.53529E+11
,,,235.4609164,3.09756E+11
,,,235.6280323,2.05432E+11
,,,235.7951483,5.24788E+11
,,,235.9622642,2.14838E+11
,,,236.1293801,6.06425E+11
,,,236.296496,2.18979E+11
,,,236.4636119,6.53529E+11
,,,236.6307278,6.53529E+11
,,,236.7978437,6.53529E+11
,,,236.9649596,6.53529E+11
,,,237.1320755,2.54652E+11
,,,237.2991914,3.79683E+11
,,,237.4663073,5.71184E+11
,,,237.6334232,3.66621E+11
,,,237.8005391,6.43564E+11
,,,237.967655,5.71185E+11
,,,238.1347709,3.71383E+11
,,,238.3018868,4.26312E+11
,,,238.4690027,6.53528E+11
,,,238.6361186,6.53528E+11
,,,238.8032345,6.53528E+11
,,,238.9703504,4.31582E+11
,,,239.1374663,5.93239E+11
,,,239.3045822,6.54304E+11
,,,239.4716981,2.58917E+11
,,,239.638814,6.53528E+11
,,,239.8059299,3.9551E+11
,,,239.9730458,6.53528E+11
,,,240.1401617,6.53528E+11
,,,240.3072776,5.51938E+11
,,,240.4743935,4.35801E+11
,,,240.6415094,1.67015E+11
,,,240.8086253,6.53528E+11
,,,240.9757412,6.53528E+11
,,,241.1428571,6.53528E+11
,,,241.309973,6.53528E+11
,,,241.477089,6.53528E+11
,,,241.6442049,5.61742E+11
,,,241.8113208,2.58915E+11
,,,241.9784367,6.53528E+11
,,,242.1455526,6.53528E+11
,,,242.3126685,5.61738E+11
,,,242.4797844,4.40391E+11
,,,242.6469003,6.55557E+11
,,,242.8140162,6.55557E+11
,,,242.9811321,6.55557E+11
,,,243.148248,5.60111E+11
,,,243.3153639,6.55557E+11
,,,243.4824798,6.55557E+11
,,,243.6495957,6.55557E+11
,,,243.8167116,6.55557E+11
,,,243.9838275,3.78294E+11
,,,244.1509434,4.69202E+11
,,,244.3180593,1.6166E+11
,,,244.4851752,5.61742E+11
,,,244.6522911,2.35972E+11
,,,244.819407,5.90791E+11
,,,244.9865229,2.34013E+11
,,,245.1536388,6.53528E+11
,,,245.3207547,3.48979E+11
,,,245.4878706,1.41186E+11
,,,245.6549865,3.01306E+11
,,,245.8221024,6.53528E+11
,,,245.9892183,2.3597E+11
,,,246.1563342,2.98894E+11
,,,246.3234501,1.41187E+11
,,,246.490566,6.14396E+11
,,,246.6576819,6.53526E+11
,,,246.8247978,2.22825E+11
,,,246.9919137,6.53529E+11
,,,247.1590297,3.51432E+11
,,,247.3261456,3.48979E+11
,,,247.4932615,2.98894E+11
,,,247.6603774,3.55577E+11
,,,247.8274933,4.8788E+11
,,,247.9946092,1.75746E+11
,,,248.1617251,6.53528E+11
,,,248.328841,6.53528E+11
,,,248.4959569,2.61135E+11
,,,248.6630728,5.96619E+11
,,,248.8301887,1.65683E+11
,,,248.9973046,5.96285E+11
,,,249.1644205,5.96619E+11
,,,249.3315364,4.8788E+11
,,,249.4986523,1.1962E+11
,,,249.6657682,6.53528E+11
,,,249.8328841,5.30238E+11
,,,250,4.8788E+11
